doi,manual_open_data,manual_open_code,oddpub_open_data,oddpub_open_code,open_data_statements,open_code_statements
10.1001/jama.2018.8194,FALSE,FALSE,FALSE,FALSE,,
10.1002/1873-3468.13247,FALSE,FALSE,TRUE,FALSE,makde high pressure and synchrotron radiation physics division bhabha atomic research centre mumbai 400085 india fax: +91-731-2442140 tel: +91-731-2442175 e-mail: ravimakde@rrcat.gov.in the atomic coordinates and structure factors have been deposited in the protein data bank www.wwpdb.org under accession codes 6a4r and 6a4s.;     the available pepese structure (pdb code 1fy2) in the protein data bank was used as a search model for molecular replacement (mr).,
10.1002/acn3.563,FALSE,FALSE,FALSE,FALSE,,
10.1002/adma.201704626,FALSE,FALSE,FALSE,FALSE,,
10.1002/adma.201801584,FALSE,FALSE,FALSE,FALSE,,
10.1002/advs.201700663,FALSE,FALSE,FALSE,FALSE,,
10.1002/ajcp.12234,FALSE,FALSE,FALSE,FALSE,,
10.1002/ajhb.23056,FALSE,FALSE,FALSE,FALSE,,
10.1002/ana.25276,FALSE,FALSE,FALSE,FALSE,,
10.1002/anie.201801963,FALSE,FALSE,FALSE,FALSE,,
10.1002/anie.201801999,FALSE,FALSE,FALSE,FALSE,,
10.1002/anie.201803721,FALSE,FALSE,TRUE,FALSE,crystallographic data and structure refinement information are listed in the supporting information tables s1,
10.1002/anie.201804117,FALSE,FALSE,FALSE,FALSE,,
10.1002/anie.201806659,FALSE,FALSE,FALSE,FALSE,,
10.1002/anie.201810122,FALSE,FALSE,FALSE,FALSE,,
10.1002/asia.201701786,FALSE,FALSE,FALSE,FALSE,,
10.1002/aur.1931,FALSE,FALSE,FALSE,FALSE,,
10.1002/bab.1589,FALSE,FALSE,FALSE,FALSE,,
10.1002/bsl.2336,FALSE,FALSE,FALSE,FALSE,,
10.1002/cam4.1557,FALSE,FALSE,FALSE,FALSE,,
10.1002/cbic.201800325,TRUE,FALSE,TRUE,FALSE,kgaa weinheim   full papers pyruvate (6) + aliphatic aldehydes 16 and 17: 100 mm potassium phosphate 2.4 mm thdp 3 mm mgcl2 50 mm fad 50 mm pyruvate (6) 50 mm propanal (16) and n-pentanal (17) ph 8.  graphic data and structure were deposited in the protein data bank under id: 5ahk.,
10.1002/cbic.201800520,FALSE,FALSE,FALSE,FALSE,,
10.1002/ccr3.1613,FALSE,FALSE,TRUE,FALSE,the array data showed that yq11.23 region was deleted while yq11.223-­yq11.23 and most of yp arm were duplicated (figure 2 and data s1).;     the deletion of the yq11.223-­q11.23 contain multi-­gene which are important to spermatogenesis that is azf(daz) and ttty (data s1).;     the other region is mosaic normal copies region yp11.31q11.23(2650424-­28799654) (data s1) the azf(daz) was present.,
10.1002/chem.201704539,FALSE,FALSE,FALSE,FALSE,,
10.1002/chem.201800980,FALSE,FALSE,FALSE,FALSE,,
10.1002/cmdc.201700640,FALSE,FALSE,FALSE,FALSE,,
10.1002/cncr.31312,FALSE,FALSE,FALSE,FALSE,,
10.1002/cyto.b.21394,FALSE,FALSE,FALSE,FALSE,,
10.1002/dc.24059,FALSE,FALSE,FALSE,FALSE,,
10.1002/ddr.21503,FALSE,FALSE,FALSE,FALSE,,
10.1002/ecy.2362,FALSE,FALSE,FALSE,FALSE,,
10.1002/gps.4888,FALSE,FALSE,FALSE,FALSE,,
10.1002/gps.4915,FALSE,FALSE,FALSE,FALSE,,
10.1002/hep.29754,FALSE,FALSE,FALSE,FALSE,,
10.1002/hipo.22958,FALSE,FALSE,FALSE,FALSE,,
10.1002/humu.23421,FALSE,FALSE,FALSE,FALSE,,
10.1002/ijc.31149,FALSE,FALSE,FALSE,FALSE,,
10.1002/ijc.32032,FALSE,FALSE,FALSE,FALSE,,
10.1002/ijgo.12396,FALSE,FALSE,FALSE,FALSE,,
10.1002/ijgo.12516,FALSE,FALSE,FALSE,FALSE,,
10.1002/ijgo.12545,FALSE,FALSE,FALSE,FALSE,,
10.1002/ijop.12533,FALSE,FALSE,FALSE,FALSE,,
10.1002/jcb.26388,FALSE,FALSE,FALSE,FALSE,,
10.1002/jcb.26612,FALSE,FALSE,FALSE,FALSE,,
10.1002/jcb.27154,FALSE,FALSE,FALSE,FALSE,,
10.1002/jcb.27721,FALSE,FALSE,FALSE,FALSE,,
10.1002/jcp.26366,FALSE,FALSE,FALSE,FALSE,,
10.1002/jcp.27049,FALSE,FALSE,FALSE,FALSE,,
10.1002/jcp.27448,FALSE,FALSE,FALSE,FALSE,,
10.1002/jcp.27827,FALSE,FALSE,FALSE,FALSE,,
10.1002/jgh3.12058,FALSE,FALSE,FALSE,FALSE,,
10.1002/jmri.26021,FALSE,FALSE,FALSE,FALSE,,
10.1002/jmv.25046,FALSE,FALSE,FALSE,FALSE,,
10.1002/jobm.201800087,FALSE,FALSE,FALSE,FALSE,,
10.1002/jor.23661,TRUE,FALSE,TRUE,FALSE,data deposition the raw data are available on national center of biotechnology information gene expression ontology website (http: www.ncbi.nlm.nih.gov/projects/geo) with accession numbers gse61385 (microarrays) and gse65469 (rna-seq).      data deposition the raw data are available on national center of biotechnology information gene expression ontology website (http: www.ncbi.nlm.nih.gov/projects/geo) with accession numbers gse61385,
10.1002/jor.24024,FALSE,FALSE,FALSE,FALSE,,
10.1002/jsfa.9092,FALSE,FALSE,FALSE,FALSE,,
10.1002/jso.25062,FALSE,FALSE,FALSE,FALSE,,
10.1002/lary.26627,FALSE,FALSE,FALSE,FALSE,,
10.1002/lary.27685,FALSE,FALSE,FALSE,FALSE,,
10.1002/marc.201800121,FALSE,FALSE,FALSE,FALSE,,
10.1002/mbo3.538,FALSE,FALSE,FALSE,FALSE,,
10.1002/mnfr.201700804,FALSE,FALSE,FALSE,FALSE,,
10.1002/mp.12998,FALSE,FALSE,FALSE,FALSE,,
10.1002/mp.13016,FALSE,FALSE,FALSE,FALSE,,
10.1002/mrm.26838,FALSE,FALSE,FALSE,FALSE,,
10.1002/mrm.27550,FALSE,TRUE,FALSE,TRUE,,the resulting training curves are shown in figure 4 and an implementation for the networks used in these experiments has been uploaded to github (https://github. com/tarolangner/fcn_vatsat).
10.1002/mus.26291,FALSE,FALSE,FALSE,FALSE,,
10.1002/nau.23910,FALSE,FALSE,FALSE,FALSE,,
10.1002/pbc.27230,FALSE,FALSE,FALSE,FALSE,,
10.1002/pro.3272,FALSE,FALSE,FALSE,FALSE,,
10.1002/prp2.448,FALSE,FALSE,FALSE,FALSE,,
10.1002/ps.4462,FALSE,FALSE,FALSE,FALSE,,
10.1002/pst.1908,FALSE,FALSE,FALSE,FALSE,,
10.1002/rmb2.12105,FALSE,FALSE,FALSE,FALSE,,
10.1002/smll.201702054,FALSE,FALSE,FALSE,FALSE,,
10.1002/stem.2866,FALSE,FALSE,FALSE,FALSE,,
10.1007/5584_2017_136,FALSE,FALSE,FALSE,FALSE,,
10.1007/s00018-018-2809-9,FALSE,FALSE,FALSE,FALSE,,
10.1007/s00062-016-0527-y,FALSE,FALSE,FALSE,FALSE,,
10.1007/s00068-018-1019-3,FALSE,FALSE,FALSE,FALSE,,
10.1007/s00125-017-4511-0,TRUE,FALSE,FALSE,FALSE,,
10.1007/s00198-018-4755-7,FALSE,FALSE,FALSE,FALSE,,
10.1007/s00228-018-2449-x,FALSE,FALSE,FALSE,FALSE,,
10.1007/s00228-018-2461-1,FALSE,FALSE,FALSE,FALSE,,
10.1007/s00228-018-2494-5,FALSE,FALSE,FALSE,FALSE,,
10.1007/s00240-018-1078-2,FALSE,FALSE,FALSE,FALSE,,
10.1007/s00253-018-8809-8,FALSE,FALSE,FALSE,FALSE,,
10.1007/s00256-018-2944-2,FALSE,FALSE,FALSE,FALSE,,
10.1007/s00264-018-3795-0,FALSE,FALSE,FALSE,FALSE,,
10.1007/s00264-018-3807-0,FALSE,FALSE,FALSE,FALSE,,
10.1007/s00264-018-4148-8,FALSE,FALSE,FALSE,FALSE,,
10.1007/s00267-018-1110-x,FALSE,FALSE,FALSE,FALSE,,
10.1007/s00268-017-4145-x,FALSE,FALSE,FALSE,FALSE,,
10.1007/s00268-018-4561-6,FALSE,FALSE,FALSE,FALSE,,
10.1007/s00280-018-3705-6,FALSE,FALSE,FALSE,FALSE,,
10.1007/s00296-018-4216-9,FALSE,FALSE,FALSE,FALSE,,
10.1007/s00330-017-5265-2,FALSE,FALSE,FALSE,FALSE,,
10.1007/s00330-018-5873-5,FALSE,FALSE,FALSE,FALSE,,
10.1007/s00330-018-5889-x,FALSE,FALSE,FALSE,FALSE,,
10.1007/s00381-018-3920-9,FALSE,FALSE,FALSE,FALSE,,
10.1007/s00383-018-4268-7,FALSE,FALSE,FALSE,FALSE,,
10.1007/s00384-018-2987-9,FALSE,FALSE,FALSE,FALSE,,
10.1007/s00384-018-3049-z,FALSE,FALSE,FALSE,FALSE,,
10.1007/s00393-016-0236-6,FALSE,FALSE,FALSE,FALSE,,
10.1007/s00405-017-4786-2,FALSE,FALSE,FALSE,FALSE,,
10.1007/s00415-018-9118-y,FALSE,FALSE,FALSE,FALSE,,
10.1007/s00417-018-4009-6,FALSE,FALSE,FALSE,FALSE,,
10.1007/s00418-017-1607-z,FALSE,FALSE,FALSE,FALSE,,
10.1007/s00422-018-0776-8,FALSE,FALSE,FALSE,FALSE,,
10.1007/s00423-017-1643-0,FALSE,FALSE,FALSE,FALSE,,
10.1007/s00425-018-3013-8,FALSE,FALSE,FALSE,FALSE,,
10.1007/s00429-017-1511-2,FALSE,FALSE,FALSE,FALSE,,
10.1007/s00429-018-1620-6,FALSE,TRUE,FALSE,FALSE,,
10.1007/s00442-018-4234-z,FALSE,TRUE,FALSE,FALSE,,
10.1007/s00484-017-1487-x,FALSE,FALSE,FALSE,FALSE,,
10.1007/s00508-018-1362-8,FALSE,FALSE,FALSE,FALSE,,
10.1007/s00520-018-4437-1,FALSE,FALSE,FALSE,FALSE,,
10.1007/s00787-018-1170-8,FALSE,FALSE,FALSE,FALSE,,
10.1007/s00787-018-1240-y,FALSE,FALSE,FALSE,FALSE,,
10.1007/s10047-018-1074-x,FALSE,FALSE,FALSE,FALSE,,
10.1007/s10067-018-4343-4,FALSE,FALSE,FALSE,FALSE,,
10.1007/s10068-017-0241-9,FALSE,FALSE,FALSE,FALSE,,
10.1007/s10103-018-2584-8,FALSE,FALSE,FALSE,FALSE,,
10.1007/s10384-018-0598-1,FALSE,FALSE,FALSE,FALSE,,
10.1007/s10393-018-1360-3,FALSE,FALSE,FALSE,FALSE,,
10.1007/s10439-018-2089-4,FALSE,FALSE,FALSE,FALSE,,
10.1007/s10461-017-1680-2,FALSE,FALSE,FALSE,FALSE,,
10.1007/s10461-018-2167-5,FALSE,FALSE,FALSE,FALSE,,
10.1007/s10482-018-1019-7,TRUE,FALSE,TRUE,FALSE,the annotation data for the draft genome sequence has been deposited in genbank/embl/ddbj with accession numbers bexe01000001–bexe01000067.,
10.1007/s10488-016-0760-3,FALSE,FALSE,FALSE,FALSE,,
10.1007/s10529-018-2616-2,FALSE,FALSE,FALSE,FALSE,,
10.1007/s10549-018-4965-x,FALSE,FALSE,TRUE,FALSE,data availability the datasets analyzed during the current study are available in gse21422 (https:​ //www.ncbi.nlm.nih.gov/geo/query/​ acc. cgi?      data availability the datasets analyzed during the current study are available in gse21422,
10.1007/s10554-018-1447-5,FALSE,FALSE,FALSE,FALSE,,
10.1007/s10565-018-09451-7,FALSE,FALSE,FALSE,FALSE,,
10.1007/s10591-017-9408-z,FALSE,FALSE,FALSE,FALSE,,
10.1007/s10616-017-0115-2,FALSE,FALSE,FALSE,FALSE,,
10.1007/s10637-018-0704-8,FALSE,FALSE,FALSE,FALSE,,
10.1007/s10653-018-0224-7,FALSE,FALSE,FALSE,FALSE,,
10.1007/s10661-018-6582-x,FALSE,FALSE,FALSE,FALSE,,
10.1007/s10661-018-6636-0,FALSE,FALSE,FALSE,FALSE,,
10.1007/s10661-018-6969-8,FALSE,FALSE,FALSE,FALSE,,
10.1007/s10661-018-6997-4,FALSE,FALSE,FALSE,FALSE,,
10.1007/s10753-018-0872-x,FALSE,FALSE,FALSE,FALSE,,
10.1007/s10792-018-0898-y,FALSE,FALSE,FALSE,FALSE,,
10.1007/s10792-018-1046-4,FALSE,FALSE,FALSE,FALSE,,
10.1007/s10815-017-1103-3,FALSE,FALSE,FALSE,FALSE,,
10.1007/s10865-017-9882-7,FALSE,FALSE,FALSE,FALSE,,
10.1007/s10877-017-0052-9,FALSE,FALSE,FALSE,FALSE,,
10.1007/s10895-018-2270-z,FALSE,FALSE,FALSE,FALSE,,
10.1007/s10912-016-9410-8,FALSE,FALSE,FALSE,FALSE,,
10.1007/s10930-018-9790-x,FALSE,FALSE,FALSE,FALSE,,
10.1007/s10995-018-2460-y,FALSE,FALSE,FALSE,FALSE,,
10.1007/s11010-018-3303-2,FALSE,FALSE,FALSE,FALSE,,
10.1007/s11030-018-9833-4,FALSE,FALSE,FALSE,FALSE,,
10.1007/s11032-018-0867-1,FALSE,FALSE,FALSE,FALSE,,
10.1007/s11096-018-0740-7,FALSE,FALSE,FALSE,FALSE,,
10.1007/s11121-017-0838-5,FALSE,FALSE,FALSE,FALSE,,
10.1007/s11250-018-1554-2,FALSE,FALSE,FALSE,FALSE,,
10.1007/s11262-018-1600-1,FALSE,FALSE,FALSE,FALSE,,
10.1007/s11356-017-0542-9,FALSE,FALSE,FALSE,FALSE,,
10.1007/s11356-017-0985-z,FALSE,FALSE,FALSE,FALSE,,
10.1007/s11356-018-1334-6,FALSE,FALSE,FALSE,FALSE,,
10.1007/s11356-018-3888-8,FALSE,FALSE,FALSE,FALSE,,
10.1007/s11524-018-0227-9,FALSE,FALSE,FALSE,FALSE,,
10.1007/s11605-017-3533-8,FALSE,FALSE,FALSE,FALSE,,
10.1007/s12098-018-2690-4,FALSE,FALSE,FALSE,FALSE,,
10.1007/s12223-017-0577-9,FALSE,FALSE,FALSE,FALSE,,
10.1007/s12672-018-0324-y,FALSE,FALSE,FALSE,FALSE,,
10.1007/s13181-017-0647-z,FALSE,FALSE,FALSE,FALSE,,
10.1007/s13187-016-1078-2,FALSE,FALSE,FALSE,FALSE,,
10.1007/s13197-018-3117-y,FALSE,FALSE,FALSE,FALSE,,
10.1007/s13566-018-0363-6,FALSE,FALSE,FALSE,FALSE,,
10.1007/s40261-017-0608-y,FALSE,FALSE,FALSE,FALSE,,
10.1007/s40266-017-0514-2,FALSE,FALSE,FALSE,FALSE,,
10.1007/s40291-018-0328-x,FALSE,FALSE,TRUE,FALSE,both obtained sequences are reported in genbank (accession numbers: ky474384 [mtrr gene] and ky474385 [cppb gene]).,
10.1007/s40519-017-0392-y,FALSE,FALSE,FALSE,FALSE,,
10.1007/s40520-017-0796-6,FALSE,FALSE,FALSE,FALSE,,
10.1016/j.alcohol.2018.02.003,FALSE,FALSE,FALSE,FALSE,,
10.1016/j.archoralbio.2018.02.005,FALSE,FALSE,FALSE,FALSE,,
10.1016/j.bbmt.2018.08.002,FALSE,FALSE,FALSE,FALSE,,
10.1016/j.bjm.2017.12.007,FALSE,FALSE,TRUE,FALSE,the sequences of 16s rrna gene were  deposited under accession numbers kx527570 for dk15 and kx527568 for st13.,
10.1016/j.bpsc.2017.11.011,FALSE,FALSE,FALSE,FALSE,,
10.1016/j.brainresbull.2018.11.019,FALSE,FALSE,FALSE,FALSE,,
10.1016/j.brs.2017.12.004,FALSE,FALSE,FALSE,FALSE,,
10.1016/j.celrep.2018.03.041,FALSE,FALSE,FALSE,FALSE,,
10.1016/j.celrep.2018.04.014,FALSE,FALSE,FALSE,FALSE,,
10.1016/j.celrep.2018.07.087,TRUE,FALSE,FALSE,FALSE,,
10.1016/j.chemosphere.2018.01.175,FALSE,FALSE,FALSE,FALSE,,
10.1016/j.chemphyslip.2018.12.001,FALSE,FALSE,FALSE,FALSE,,
10.1016/j.chest.2018.03.003,FALSE,FALSE,FALSE,FALSE,,
10.1016/j.chom.2018.06.011,TRUE,TRUE,TRUE,TRUE,cell host & microbe 24 168–179 july 11 2018 179   star+methods key resources table  reagent or resource  source  identifier  deposited data 1524 pseudomonas genomes  this study  ena: prjeb24450  192 a. thaliana metagenomes  this study  ena: prjeb24450  192 16s v4 sequences  this study  ena: prjeb24450  sequences of v3-v4 region  this study  sra: prjna430505  pan-genome data and visualization  this study  http://panx.weigelworld.org/  1524 pseudomonas strains  this study  n/a  pst dc3000  €rnberger thorsten nu  dc3000  36 pseudomonas tested for growth effect  this study  n/a  a. thaliana genotype ey15-2  arabidopsis stock center tair  cs76399  mash  ondov et al. 2016  https://github.com/marbl/mash  mothur  schloss et al. 2009  https://github.com/mothur/mothur  raxml  stamatakis et al. 2005  https://github.com/stamatak/standard-raxml  vegan  oksanen et al 2016  https://github.com/vegandevs/vegan  experimental models: organisms/strains  software and algorithms  contact for reagent and resource sharing further information and requests for resources and reagents should be directed to and will be fulfilled by the lead contact detlef weigel (weigel@tue.mpg.de).;     data and software availability the raw v3-v4 16s sequencing data was deposited at the national center for biotechnology information (ncbi) short read archive under bioproject sra: prjna430505.;     metagenomic short read sequences v4 16s sequences data and assembled genomes were deposited in the european nucleotide archive (ena) under the primary accession ena: prjeb24450.  cell host & microbe 24 168–179 july 11 2018 179   star+methods key resources table  reagent or resource  source  identifier  deposited data 1524 pseudomonas genomes  this study  ena: prjeb24450  192 a. thaliana metagenomes  this study  ena: prjeb24450  192 16s v4 sequences  this study  ena: prjeb24450  sequences of v3-v4 region  this study  sra: prjna430505  pan-genome data and visualization  this study  http://panx.weigelworld.org/  1524 pseudomonas strains  this study  n/a  pst dc3000  €rnberger thorsten nu  dc3000  36 pseudomonas tested for growth effect  this study  n/a  a. thaliana genotype ey15-2  arabidopsis stock center tair  cs76399  mash  ondov et al. 2016  https://github.com/marbl/mash  mothur  schloss et al. 2009  https://github.com/mothur/mothur  raxml  stamatakis et al. 2005  https://github.com/stamatak/standard-raxml  vegan  oksanen et al 2016  https://github.com/vegandevs/vegan  experimental models: organisms/strains  software and algorithms  contact for reagent and resource sharing further information and requests for resources and reagents should be directed to and will be fulfilled by the lead contact detlef weigel (weigel@tue.mpg.de).    deposited data 1524 pseudomonas genomes  this study  ena: prjeb24450,cell host & microbe 24 168–179 july 11 2018 179   star+methods key resources table  reagent or resource  source  identifier  deposited data 1524 pseudomonas genomes  this study  ena: prjeb24450  192 a. thaliana metagenomes  this study  ena: prjeb24450  192 16s v4 sequences  this study  ena: prjeb24450  sequences of v3-v4 region  this study  sra: prjna430505  pan-genome data and visualization  this study  http://panx.weigelworld.org/  1524 pseudomonas strains  this study  n/a  pst dc3000  €rnberger thorsten nu  dc3000  36 pseudomonas tested for growth effect  this study  n/a  a. thaliana genotype ey15-2  arabidopsis stock center tair  cs76399  mash  ondov et al. 2016  https://github.com/marbl/mash  mothur  schloss et al. 2009  https://github.com/mothur/mothur  raxml  stamatakis et al. 2005  https://github.com/stamatak/standard-raxml  vegan  oksanen et al 2016  https://github.com/vegandevs/vegan  experimental models: organisms/strains  software and algorithms  contact for reagent and resource sharing further information and requests for resources and reagents should be directed to and will be fulfilled by the lead contact detlef weigel (weigel@tue.mpg.de).;     additional code and phylogenies related to the processing of the full genomes is available at: https://github.com/tkarasov/pseudomonas_1524.
10.1016/j.contraception.2018.12.003,FALSE,FALSE,FALSE,FALSE,,
10.1016/j.crvi.2018.03.002,FALSE,FALSE,FALSE,FALSE,,
10.1016/j.dib.2018.02.038,TRUE,FALSE,TRUE,FALSE,,
10.1016/j.dib.2018.02.083,TRUE,FALSE,TRUE,FALSE,,
10.1016/j.dib.2018.06.059,TRUE,FALSE,TRUE,FALSE,raw data regarding live cattle export can be found in excel ﬁles (1 file,
10.1016/j.dib.2018.08.073,TRUE,FALSE,TRUE,FALSE,,
10.1016/j.dld.2018.04.004,FALSE,FALSE,TRUE,FALSE,regional incidences varied from 0 to 2.12 pmi per year (supplementary data 1 and 2).;     regional incidences varied from 0 to 4.51 pmi per year (supplementary data 3).,
10.1016/j.drugalcdep.2018.10.029,FALSE,FALSE,FALSE,FALSE,,
10.1016/j.ejim.2018.08.011,FALSE,FALSE,FALSE,FALSE,,
10.1016/j.envpol.2018.01.107,TRUE,FALSE,TRUE,FALSE,the raw sequence data from this study have been deposited in the ncbi short read archive under accession number prjna389363.,
10.1016/j.envpol.2018.12.067,FALSE,FALSE,FALSE,FALSE,,
10.1016/j.envres.2018.09.034,FALSE,FALSE,FALSE,FALSE,,
10.1016/j.fsigen.2017.12.006,FALSE,FALSE,FALSE,FALSE,,
10.1016/j.funbio.2017.12.011,FALSE,FALSE,FALSE,FALSE,,
10.1016/j.ijbiomac.2018.10.068,FALSE,FALSE,FALSE,FALSE,,
10.1016/j.injury.2017.11.010,FALSE,FALSE,FALSE,FALSE,,
10.1016/j.isci.2018.10.026,TRUE,FALSE,TRUE,FALSE,also see figures s1–s4 and table s1 and data s1.  levels of the homo and lumo were calculated to be in the range -(4.86–4.87) and -(1.37–1.41) ev respectively resulting in a wide energy gap of about 3.50 and 3.45 ev.;     related to figure 1  and data s1 compound  bbpa  empirical formula formula weight temperature wavelength crystal system space group unit cell dimensions  c34h34o2 474.61 203(2) k 0.71073 å triclinic p-1 a = 7.9384(17) å ɑ= 102.876(3)° b = 9.3043(19) å β= 105.317(3)° c = 9.5439(19) å γ= 101.627(3)° volume 636.9(2) å3 z 1 density (calculated) 1.237 mg/m3 absorption coefficient 0.075 mm-1 f(000) 254 crystal size 0.400 x 0.300 x 0.200 mm3 theta range for data collection 2.314 to 27.000°.,
10.1016/j.jalz.2018.06.3060,FALSE,FALSE,FALSE,FALSE,,
10.1016/j.jcmgh.2018.01.007,FALSE,FALSE,FALSE,FALSE,,
10.1016/j.jelekin.2018.11.007,FALSE,FALSE,FALSE,FALSE,,
10.1016/j.jiph.2017.07.007,FALSE,FALSE,FALSE,FALSE,,
10.1016/j.jmpt.2017.08.002,FALSE,FALSE,FALSE,FALSE,,
10.1016/j.joca.2018.08.001,TRUE,FALSE,FALSE,FALSE,,
10.1016/j.jpha.2017.12.006,FALSE,FALSE,FALSE,FALSE,,
10.1016/j.knee.2018.11.016,FALSE,FALSE,FALSE,FALSE,,
10.1016/j.lfs.2018.11.023,FALSE,FALSE,FALSE,FALSE,,
10.1016/j.mayocpiqo.2017.11.001,FALSE,FALSE,FALSE,FALSE,,
10.1016/j.mcp.2018.11.002,TRUE,FALSE,FALSE,FALSE,,
10.1016/j.mex.2018.10.020,FALSE,FALSE,FALSE,FALSE,,
10.1016/j.mmcr.2018.03.005,FALSE,FALSE,FALSE,FALSE,,
10.1016/j.msard.2018.10.114,FALSE,FALSE,FALSE,FALSE,,
10.1016/j.patol.2018.04.003,FALSE,FALSE,FALSE,FALSE,,
10.1016/j.pedneo.2017.12.005,FALSE,FALSE,FALSE,FALSE,,
10.1016/j.pestbp.2018.11.009,FALSE,FALSE,FALSE,FALSE,,
10.1016/j.plasmid.2018.11.002,TRUE,FALSE,FALSE,FALSE,,
10.1016/j.pmrj.2018.04.006,FALSE,FALSE,FALSE,FALSE,,
10.1016/j.prp.2018.02.020,FALSE,FALSE,FALSE,FALSE,,
10.1016/j.prp.2018.11.006,FALSE,FALSE,FALSE,FALSE,,
10.1016/j.pupt.2017.10.003,FALSE,FALSE,FALSE,FALSE,,
10.1016/j.repc.2017.09.020,FALSE,FALSE,FALSE,FALSE,,
10.1016/j.sjbs.2017.08.010,FALSE,FALSE,FALSE,FALSE,,
10.1016/j.ultramic.2018.05.006,FALSE,FALSE,FALSE,FALSE,,
10.1016/j.ultras.2018.08.006,FALSE,FALSE,FALSE,FALSE,,
10.1016/j.ultrasmedbio.2018.08.004,FALSE,FALSE,FALSE,FALSE,,
10.1016/j.ymgmr.2018.07.003,FALSE,FALSE,FALSE,FALSE,,
10.1016/j.ynstr.2018.01.004,FALSE,FALSE,FALSE,FALSE,,
10.1016/S0140-6736(18)30291-5,FALSE,FALSE,FALSE,FALSE,,
10.1017/ice.2018.222,FALSE,FALSE,FALSE,FALSE,,
10.1017/S0031182017002335,FALSE,FALSE,FALSE,FALSE,,
10.1017/S0033291718002568,FALSE,FALSE,FALSE,FALSE,,
10.1017/S0954579417001699,FALSE,FALSE,FALSE,FALSE,,
10.1021/acs.accounts.7b00407,FALSE,FALSE,FALSE,FALSE,,
10.1021/acs.accounts.7b00634,FALSE,FALSE,FALSE,FALSE,,
10.1021/acs.biochem.7b01142,FALSE,FALSE,FALSE,FALSE,,
10.1021/acs.biomac.8b00074,FALSE,FALSE,FALSE,FALSE,,
10.1021/acs.chemmater.8b01771,FALSE,FALSE,FALSE,FALSE,,
10.1021/acs.est.8b00843,FALSE,TRUE,FALSE,FALSE,,
10.1021/acs.est.8b02070,FALSE,FALSE,FALSE,FALSE,,
10.1021/acs.est.8b02988,TRUE,FALSE,TRUE,FALSE,our prespeciﬁed analysis plan is registered and publicly available at open science framework (https://osf.io/6u7cn/).,
10.1021/acs.est.8b04372,FALSE,FALSE,FALSE,FALSE,,
10.1021/acs.est.8b04519,FALSE,FALSE,FALSE,FALSE,,
10.1021/acs.est.8b04918,FALSE,FALSE,FALSE,FALSE,,
10.1021/acs.jafc.8b01506,FALSE,FALSE,TRUE,FALSE,the taxonomy of each 16s rrna gene sequence was analyzed by rdp classiﬁer (http:// rdp.cme.msu.edu/) against the silva (ssu115) 16s rrna database using conﬁdence threshold of 70%.27 the 16s rrna gene sequence data sets were submitted to ncbi sequence read archive (sra) (bioproject accession number prjna475846).,
10.1021/acs.jafc.8b02842,FALSE,FALSE,FALSE,FALSE,,
10.1021/acs.jctc.7b01250,FALSE,FALSE,FALSE,FALSE,,
10.1021/acs.jctc.8b00300,FALSE,TRUE,FALSE,TRUE,,included in: reaction mechanism generator v2.0.0. 2016. http://reactionmechanismgenerator.github. io (accessed november 12 2018).
10.1021/acs.jmedchem.7b01155,TRUE,FALSE,FALSE,FALSE,,
10.1021/acs.jmedchem.7b01312,TRUE,FALSE,TRUE,FALSE,crystallographic data are given in the cif,
10.1021/acs.jmedchem.8b00378,FALSE,FALSE,FALSE,FALSE,,
10.1021/acs.jpcb.7b10371,TRUE,TRUE,TRUE,TRUE,the code and full training data sets are available at https:// github.com/aspuru-guzik-group/chemical_vae.,the code and full training data sets are available at https:// github.com/aspuru-guzik-group/chemical_vae.
10.1021/acs.jpcb.7b10723,FALSE,TRUE,FALSE,FALSE,,
10.1021/acs.jpclett.8b00011,TRUE,FALSE,TRUE,FALSE,crystallographic data for nu-1400-as-def (cif,
10.1021/acs.jpclett.8b01255,FALSE,FALSE,FALSE,FALSE,,
10.1021/acs.jproteome.8b00505,TRUE,FALSE,TRUE,FALSE,data accessibility  the mass spectrometry data have been deposited to the proteomexchange consortium with the identiﬁers pxd009441 and pxd009548 for the sc_wcl_nist and sc_wcl data sets respectively.,
10.1021/acs.langmuir.7b03990,FALSE,FALSE,FALSE,FALSE,,
10.1021/acs.langmuir.8b01513,FALSE,FALSE,FALSE,FALSE,,
10.1021/acs.langmuir.8b01946,FALSE,FALSE,FALSE,FALSE,,
10.1021/acs.langmuir.8b03028,FALSE,FALSE,FALSE,FALSE,,
10.1021/acs.langmuir.8b03035,FALSE,FALSE,FALSE,FALSE,,
10.1021/acs.molpharmaceut.7b01001,FALSE,FALSE,FALSE,FALSE,,
10.1021/acs.nanolett.8b02707,FALSE,FALSE,FALSE,FALSE,,
10.1021/acs.nanolett.8b03508,FALSE,FALSE,FALSE,FALSE,,
10.1021/acs.orglett.7b03948,FALSE,FALSE,FALSE,FALSE,,
10.1021/acs.orglett.8b00687,TRUE,FALSE,FALSE,FALSE,,
10.1021/acsami.7b16442,FALSE,FALSE,FALSE,FALSE,,
10.1021/acsami.7b17327,FALSE,FALSE,FALSE,FALSE,,
10.1021/acsami.7b19440,FALSE,FALSE,FALSE,FALSE,,
10.1021/acsami.8b08606,FALSE,FALSE,TRUE,FALSE,table s1 (xlsx,
10.1021/acsami.8b08920,TRUE,FALSE,FALSE,FALSE,,
10.1021/acsami.8b12853,FALSE,FALSE,FALSE,FALSE,,
10.1021/acsami.8b15213,FALSE,FALSE,FALSE,FALSE,,
10.1021/acsnano.8b00596,FALSE,FALSE,FALSE,FALSE,,
10.1021/acsnano.8b02014,FALSE,FALSE,FALSE,FALSE,,
10.1021/acsnano.8b02793,FALSE,FALSE,FALSE,FALSE,,
10.1021/acsnano.8b03261,TRUE,FALSE,TRUE,FALSE,zip mrnas (table s1,
10.1021/acsomega.7b02049,TRUE,FALSE,TRUE,FALSE,cif ﬁle for the na12[co5pom] is deposited with the cambridge crystallographic data table s3 (supporting information). cif,
10.1021/acsomega.8b01698,FALSE,FALSE,FALSE,FALSE,,
10.1021/acssensors.8b00249,FALSE,FALSE,FALSE,FALSE,,
10.1021/jacs.7b12350,FALSE,FALSE,FALSE,FALSE,,
10.1021/jacs.8b05341,FALSE,FALSE,FALSE,FALSE,,
10.1021/jacs.8b11035,FALSE,FALSE,FALSE,FALSE,,
10.1038/s41372-018-0267-8,FALSE,FALSE,FALSE,FALSE,,
10.1038/s41380-018-0068-7,FALSE,FALSE,FALSE,FALSE,,
10.1038/s41388-018-0594-4,FALSE,FALSE,FALSE,FALSE,,
10.1038/s41418-018-0059-x,TRUE,FALSE,TRUE,FALSE,from both our in-house rna sequencing dataset (available in sequence read archive of national center for biotechnology information with the accession number srp062885) and the tcga database cripto-1 was signiﬁcantly upregulated in hcc tumor tissues when   cripto-1 contributes to stemness...,
10.1038/s41419-017-0177-2,FALSE,FALSE,FALSE,FALSE,,
10.1038/s41419-018-0301-y,FALSE,FALSE,FALSE,FALSE,,
10.1038/s41431-018-0127-1,FALSE,FALSE,FALSE,FALSE,,
10.1038/s41431-018-0149-8,TRUE,FALSE,TRUE,FALSE,the geo accession number for the genotyping data reported in this paper is gse109208.,
10.1038/s41467-018-03274-0,FALSE,FALSE,TRUE,FALSE,wgs data of a part of the bbj subjects (n = 1026) is publically available at the national bioscience database center (nbdc) human database  | doi: 10.1038/s41467-018-03274-0 | www.nature.com/naturecommunications   article  nature communications | doi: 10.1038/s41467-018-03274-0  (https://humandbs.biosciencedbc.jp/en/) under research id hum0014 japanese genotype-phenotype archive (jga; https://www.ddbj.nig.ac.jp/jga/index.html) under accession id jgas00000000114.      data availability. wgs data of a part of the bbj subjects (n = 1026) is publically available at the national bioscience database center (nbdc) human database  | doi,
10.1038/s41467-018-03861-1,TRUE,TRUE,TRUE,TRUE,we compiled a database of 33378 aligned nearly full-length archaeal amoa sequences (591–594 bp) after extensive curation of 45136 publicly available sequences (supplementary fig. 1a b supplementary data 1).;     chimeras were thus thoroughly ﬁltered primarily based on a newly constructed chimera-free reference database (supplementary fig. 1b supplementary data 1) as previously available only for 16s rrna genes33.;     1 supplementary data 1 2; see methods).;     based on this phylogeny we deﬁned a multilevel amoa taxonomy strictly according to branches with both ultrafast bootstrap37 ≥95% and shimodaira–hasegawa-like approximate likelihood ratio test (sh-alrt)38 ≥85% each corresponding to an estimated conﬁdence level of 95%37 (supplementary data 2).;     some original strain names were corrected to comply with international code of nomenclature of prokaryotes according to kerou et al.13 (see also supplementary table 1)  an editable phylogenetic tree is provided with taxonomic annotations compatible with figtree (rambaut a. figtree v1.4.3 http://beast.bio.ed.ac.uk/ﬁgtree 2016) (supplementary data 2).;     the curated amoa database and taxonomy are implemented as reference databases for sequence classiﬁcation using qiime40 mothur41 lcaclassiﬁer (crest package42) and megan43; tree and alignment ﬁles compatible with the evolutionary placement algorithm44 are also provided for sequence placement in the tree (supplementary data 3).;     4 supplementary data 4).;     4 supplementary data 4).;     the taxonomic distribution of amoa genes from each habitat is available in interactive krona47 charts (supplementary data 4-6).;     6 supplementary data 4) with 82% of aoa in soils-sediments belonging to lineage ns and 94% of marine aoa belonging to lineage np.;     additionally clade ns-δ comprises considerable fractions of aoa in salt lakes (41%) and freshwater environments (26%) (supplementary data 45).;     6 supplementary data 5): most seawater aoa belong to clades np-ε-2 (54%) and np-α-2.2.2.1 (35%) whereas sediments harbour greater diversity mainly within clades np-δ (32%) np-γ (19%) np-θ (17%) and np-α (12%).;     although organisms from clade np-γ-2.1 particularly n. maritimus scm1t have been extensively used as models for marine/oceanic environments35051 this clade comprises only 8% of all aoa identiﬁed in the oceans based on amoa genes (supplementary data 4).;     sequence frequencies in all clades and subclades are also available in an interactive krona47 chart (supplementary data 4).;     likewise the diversity of aoa in freshwater environments greatly overlaps with that in soilssediments suggesting similar interchanges of organisms despite the predominance of some clades in freshwater (e.g. np-η np-γ and ns-δ) (supplementary data 4).;     based on the environmental categories deﬁned here the habitat speciﬁcity of aoa varies extensively across their global phylogenetic diversity and often contrasts with generalised assumptions in the literature (available in interactive krona47 charts in supplementary data 7-9).;     6 supplementary data 7).;     6 supplementary data 7).;     6 supplementary data 7-9).;     6 supplementary data 8).;     the consistent occurrence of most of these clades in both types of putative host (np-θ-4 np-ζ2 and np-ε-1) further supported that they represent true but nonspeciﬁc symbionts (supplementary data 9).;     7 supplementary data 9).;     7 supplementary data 9).;     as previously observed30 most soil aoa from lineage nt were detected in acidic soils or at least with ph < 7.5 although this lineage is almost as common in freshwater (supplementary data 7 9).;     the absolute and relative phylogenetic/taxonomic distribution of sequences in these and more speciﬁc habitats are available in interactive krona47 charts (supplementary data 49).;     7 supplementary data 9).;     we analysed the phylogenetic distribution of dna base composition and synonymous codon usage of 33256 archaeal amoa genes to identify 8  nature communications | (2018)9:1517  possible molecular patterns associated with their global diversiﬁcation (fig. 8; interactive krona47 chart in supplementary data 10).;     this variation is mainly driven by an exceptional high-gc bias relative to the average gc content of clade ns-α and few small clades from lineage np (fig. 8a supplementary data 10).;     the absolute and relative phylogenetic/taxonomic distribution of sequences from these habitats are also available in interactive krona47 charts (supplementary data 6 9).;     6 supplementary data 8) with the relatively high-gc content previously observed only in ca.;     c. symbiosum a12 rather constituting a common trait of most symbiont clades (np-θ-4 np-γ-1.1 and np-γ-2.1.1) (fig. 8a supplementary data 10).;     however this is not always the case indicating that variation in purine content among amoa genes does not result only from trade-offs with genomic gc content (fig. 8a b supplementary data 10).;     nc values of amoa genes varies across the whole possible range (nc = 20–61) and show consistent trends nature communications | (2018)9:1517  within some broad clades (e.g. ns-γ and np-γ) but also opposite trends between closely related subclades (e.g. within ns-α and np-δ) (fig. 8c supplementary data 10).;     some amoa clades show nc patterns consistent with those trends possibly reﬂecting difference in stringencies in regulation of amoa gene expression: for example the cosmopolitan clade np-γ has consistently more biased codon usage than average whereas clades nearly exclusive to soils (nsγ) or seawater (np-α-2.2.2.1) have a much more relaxed codon usage (fig. 8c supplementary data 7 8 10).;     the phylogenetic/taxonomic distribution of molecular features is also available in an interactive krona47 chart in supplementary data 10.;     variation in gcai of amoa genes shows a conspicuous separation between codon usage of lineages ns and np with genes from the latter using more globally preferred codons and with clade np-γ showing the highest similarity with the global codon bias (fig. 8d supplementary data 10).;     environmental source information of all amoa sequences in the curated database (33378 sequences) was parsed from genbank73 ﬁles using a custom python script (supplementary data 11).;     custom python code used in this study is provided with this article in supplementary data 11.;     curated datasets and reference databases and trees compiled/analysed during this study are provided with this article in supplementary data 1-3.,the database is automatically available in the current version of lcaclassiﬁer42 (https://github.com/lanzen/ crest/releases/latest).;     custom python code used in this study is provided with this article in supplementary data 11. environmental source information of all amoa sequences in the curated database (33378 sequences) was parsed from genbank73 ﬁles using a custom python script (supplementary data 11).;     custom python code used in this study is provided with this article in supplementary data 11.
10.1038/s41467-018-04284-8,FALSE,TRUE,FALSE,FALSE,,
10.1038/s41467-018-07426-0,TRUE,TRUE,TRUE,TRUE,data availability raw sequencing reads are freely available on the short read archive (sra) under bioproject id prjna494922 (http://www.ncbi.nlm.nih.gov/bioproject/494922).   the efﬁcacy of this process was tested using data from harpur et al.94 details of which are provided in the supplementary information (supplementary data 3).   data availability raw sequencing reads are freely available on the short read archive (sra) under bioproject id prjna494922,all scripts used are available in supplementary software or github systemsimmunology-roslin-institute/honey-bee-metagenomics. all scripts used are available in supplementary software or github systemsimmunology-roslin-institute/honey-bee-metagenomics.
10.1038/s41586-018-0698-6,TRUE,FALSE,TRUE,TRUE,online content  any methods additional references nature research reporting summaries source data statements of data availability and associated accession codes are available at https://doi.org/10.1038/s41586-018-0698-6.;     the raw sequencing data expression-count data with cell classifications and the wholegenome sequencing data are deposited at arrayexpress with experiment codes e-mtab-6701 (for droplet-based data) e-mtab-6678 (for smart-seq2 data) and e-mtab-7304 (for the whole-genome sequencing data).;     this statement should provide the following information where applicable: - accession codes unique identifiers or web links for publicly available datasets - a list of figures that have associated raw data - a description of any restrictions on data availability data is uploaded to arrayexpress: experiment: e-mtab-6701 e-mtab-6678 e-mtab-7304  field-specific reporting please select the best fit for your research.      data availability and associated accession codes are available at https://doi,cellphonedb code is available in https://github.com/teichlab/ cellphonedb.;     kirid can be downloaded from https://github.com/teichlab/kirid.
10.1038/s41590-018-0238-4,TRUE,FALSE,TRUE,FALSE,online content  any methods additional references nature research reporting summaries source data statements of data availability and associated accession codes are available at https://doi.org/10.1038/ s41590-018-0238-4.;     the geo accession codes for all the deep-sequencing data reported in this paper are gse110305 gse110882 and gse115744.;     this statement should provide the following information where applicable: - accession codes unique identifiers or web links for publicly available datasets - a list of figures that have associated raw data - a description of any restrictions on data availability geo: gse110305 gse110882 and gse115744.  nature research | reporting summary  rstudio (v1.0.136) samtools (v0.1.19-96b5f2294a) star (v2.4.0) treeview (v1.1.6r4) mascot  field-specific reporting please select the best fit for your research.      data availability and associated accession codes are available at https://doi,
10.1038/s41591-018-0184-6,TRUE,FALSE,TRUE,FALSE,online content  any methods additional references nature research reporting summaries source data statements of data availability and associated accession codes are available at https://doi.org/10.1038/ s41591-018-0184-6.;     dna sequencing data have been deposited on the ncbi sequence read archive under accession srp155635.      data availability and associated accession codes are available at https://doi,
10.1038/s41598-017-18939-x,FALSE,FALSE,FALSE,FALSE,,
10.1038/s41598-018-19803-2,FALSE,FALSE,FALSE,FALSE,,
10.1038/s41598-018-20219-1,FALSE,FALSE,FALSE,FALSE,,
10.1038/s41598-018-20619-3,FALSE,FALSE,FALSE,FALSE,,
10.1038/s41598-018-20948-3,FALSE,FALSE,FALSE,FALSE,,
10.1038/s41598-018-21855-3,FALSE,FALSE,FALSE,FALSE,,
10.1038/s41598-018-21976-9,FALSE,FALSE,FALSE,FALSE,,
10.1038/s41598-018-22100-7,FALSE,FALSE,FALSE,FALSE,,
10.1038/s41598-018-22218-8,FALSE,FALSE,FALSE,FALSE,,
10.1038/s41598-018-22601-5,FALSE,FALSE,FALSE,FALSE,,
10.1038/s41598-018-24304-3,FALSE,TRUE,FALSE,TRUE,,this work was implemented as the sct_deepseg_gm tool in the spinal cord toolbox (sct)26 and is now freely available at sct github repository in https://github.com/neuropoly/spinalcordtoolbox.;     the sct method is freely available as open-source software at https://github.com/neuropoly/ spinalcordtoolbox 26.
10.1038/s41598-018-24834-w,FALSE,FALSE,FALSE,FALSE,,
10.1038/s41598-018-26138-5,FALSE,FALSE,FALSE,FALSE,,
10.1038/s41598-018-26343-2,TRUE,FALSE,TRUE,FALSE,the mass spectrometry proteomics data have been deposited to the proteomexchange consortium via the pride partner repository with the dataset identifier pxd008993.   a total of 4515 proteins were identified in at least 3 of the samples and with at least 2 different tryptic peptides (supplementary dataset 1).;     following the acr treatment the intensities of 57 proteins were down-regulated while the intensities of 65 proteins were up-regulated (fig. 6a and supplementary dataset 2).;     when the presence of covalent acrylamide adducts was analyzed in control and acr-exposed larvae 191 proteins were detected with modifications on specific cysteine residues in at least 3 of the acr-pools (fig. 6b and supplementary dataset 3).;     fifty-three of these modified proteins were also modified in the larva stage as was shown before suggesting developmental conservation of the target proteins (supplementary dataset 4).,
10.1038/s41598-018-26721-w,FALSE,FALSE,TRUE,FALSE,the primer set was designed based on the genbank-deposited genome sequence of l. citreum km20 [nc_010471].,
10.1038/s41598-018-27712-7,FALSE,FALSE,FALSE,FALSE,,
10.1038/s41598-018-28152-z,FALSE,FALSE,FALSE,FALSE,,
10.1038/s41598-018-29799-4,FALSE,FALSE,FALSE,FALSE,,
10.1038/s41598-018-29914-5,TRUE,FALSE,TRUE,FALSE,mitochondrial genome sequences were deposited in genbank under accession numbers mh176332 mh176333 mh17635 - mh176355.;     the mitochondrial dna data are deposited in genbank under accession numbers mh176332 mh176333 mh17635-mh176355.      availability of data and material. mitochondrial genome sequences were deposited in genbank under accession numbers mh176332,
10.1038/s41598-018-30213-2,FALSE,FALSE,FALSE,FALSE,,
10.1038/s41598-018-31137-7,FALSE,FALSE,FALSE,FALSE,,
10.1038/s41598-018-31487-2,FALSE,FALSE,FALSE,FALSE,,
10.1038/s41598-018-33130-6,FALSE,FALSE,FALSE,FALSE,,
10.1038/s41598-018-34898-3,FALSE,FALSE,FALSE,FALSE,,
10.1038/s41598-018-35303-9,FALSE,FALSE,FALSE,FALSE,,
10.1038/s41598-018-35684-x,FALSE,FALSE,FALSE,FALSE,,
10.1038/sdata.2018.198,TRUE,FALSE,TRUE,FALSE,data records time-lapse movies documenting migratory phenotypes of the cells and a table listing all the differentially expressed genes detected in the study were deposited in the figshare repository (data citation 1).,
10.1039/c7cc08266e,FALSE,FALSE,FALSE,FALSE,,
10.1039/c7cc08790j,TRUE,FALSE,TRUE,FALSE,crystallographic data in cif,
10.1039/c7cp07588j,FALSE,FALSE,TRUE,FALSE,9 binding mode of nek2 (pdb entry: 2xke) in complex with (a) compound 2 (b) compound 9 or (c) compound 31 and solvent-accessible surface for (d) compound 7 (e) compound 8 or (f) compound 35 predicted by ifd with the sp scoring.,
10.1039/c7cp08390d,FALSE,FALSE,FALSE,FALSE,,
10.1039/c7md00433h,FALSE,FALSE,FALSE,FALSE,,
10.1039/c7nr06812c,FALSE,FALSE,FALSE,FALSE,,
10.1039/c7sc05033j,FALSE,FALSE,FALSE,FALSE,,
10.1039/c8an00613j,FALSE,FALSE,FALSE,FALSE,,
10.1039/c8bm00099a,FALSE,FALSE,FALSE,FALSE,,
10.1039/c8cc04089c,FALSE,FALSE,FALSE,FALSE,,
10.1039/c8cc07681b,TRUE,FALSE,TRUE,FALSE,crystallographic data in cif,
10.1039/c8cp04200d,FALSE,FALSE,FALSE,FALSE,,
10.1039/c8cp05662e,TRUE,FALSE,FALSE,FALSE,,
10.1039/c8cs00351c,FALSE,FALSE,FALSE,FALSE,,
10.1039/c8dt02920b,TRUE,FALSE,TRUE,FALSE,† crystallographic data were deposited in the cambridge structural date centre (ccdc) and may be found at http:// www.ccdc.cam.ac.uk/by using reference numbers 1589868–1589872.    crystallographic data in cif crystallographic data for compounds 1–5 are provided in table 1,
10.1039/c8fo01164h,FALSE,FALSE,TRUE,FALSE,primers and probes were used from the commercially available taqman gene expression assays (genbank accession no: nm_005544.2 assay id: hs00178563_m1; genbank accession no: nm_001042.2 assay id: hs00168966_m1 respectively).,
10.1039/c8mt00182k,TRUE,FALSE,TRUE,FALSE,the data discussed in this publication have been deposited in ncbi’s gene expression omnibus34 and are accessible through geo series accession number gse109375 (https:// www.ncbi.nlm.nih.gov/geo/query/acc.cgi?,
10.1039/c8nr00253c,FALSE,FALSE,FALSE,FALSE,,
10.1039/c8nr02857e,FALSE,FALSE,FALSE,FALSE,,
10.1039/c8ob00933c,TRUE,FALSE,TRUE,FALSE,crystallographic data in cif,
10.1039/c8ob01349g,FALSE,FALSE,FALSE,FALSE,,
10.1039/c8re00050f,FALSE,FALSE,FALSE,FALSE,,
10.1039/c8sc00907d,FALSE,FALSE,FALSE,FALSE,,
10.1039/c8sc02444h,FALSE,FALSE,FALSE,FALSE,,
10.1042/BSR20171731,FALSE,FALSE,FALSE,FALSE,,
10.1042/BSR20181011,FALSE,FALSE,FALSE,FALSE,,
10.1053/j.jrn.2018.05.007,FALSE,FALSE,FALSE,FALSE,,
10.1055/a-0596-0819,FALSE,FALSE,FALSE,FALSE,,
10.1055/s-0037-1607438,FALSE,FALSE,FALSE,FALSE,,
10.1055/s-0044-102134,FALSE,FALSE,FALSE,FALSE,,
10.1071/RD17466,FALSE,FALSE,TRUE,FALSE,all data (table 1,
10.1073/pnas.1720776115,TRUE,FALSE,TRUE,FALSE,data deposition: the data reported in this paper have been deposited at dx.doi,
10.1073/pnas.1813367115,FALSE,FALSE,FALSE,FALSE,,
10.1074/jbc.AC118.003325,FALSE,FALSE,FALSE,FALSE,,
10.1074/jbc.M117.810994,FALSE,FALSE,FALSE,FALSE,,
10.1080/00224545.2018.1491471,TRUE,FALSE,TRUE,FALSE,for full transparency all materials and data are public on osf: https://osf.io/yq5jw/.,
10.1080/00365521.2017.1411523,FALSE,FALSE,FALSE,FALSE,,
10.1080/00365521.2018.1485732,FALSE,FALSE,FALSE,FALSE,,
10.1080/00480169.2018.1440652,FALSE,FALSE,FALSE,FALSE,,
10.1080/01459740.2018.1425839,FALSE,FALSE,FALSE,FALSE,,
10.1080/01634372.2018.1489928,FALSE,FALSE,FALSE,FALSE,,
10.1080/03007995.2017.1408579,FALSE,FALSE,FALSE,FALSE,,
10.1080/03008207.2018.1530770,FALSE,FALSE,FALSE,FALSE,,
10.1080/03079457.2017.1380293,FALSE,FALSE,FALSE,FALSE,,
10.1080/0361073X.2017.1398802,FALSE,FALSE,FALSE,FALSE,,
10.1080/03639045.2018.1529788,FALSE,FALSE,FALSE,FALSE,,
10.1080/08923973.2017.1392562,FALSE,FALSE,FALSE,FALSE,,
10.1080/08927014.2017.1421636,TRUE,FALSE,TRUE,FALSE,these sequences together with those obtained from the 17 museum samples were deposited in genbank (accession nos. lc229805–lc230010).,
10.1080/08958378.2018.1438539,FALSE,FALSE,FALSE,FALSE,,
10.1080/09168451.2018.1447359,FALSE,FALSE,FALSE,FALSE,,
10.1080/09593330.2017.1349189,FALSE,FALSE,FALSE,FALSE,,
10.1080/09593985.2018.1444117,FALSE,FALSE,FALSE,FALSE,,
10.1080/09593985.2018.1457747,FALSE,FALSE,FALSE,FALSE,,
10.1080/10255842.2018.1431778,FALSE,FALSE,FALSE,FALSE,,
10.1080/10410236.2017.1353867,FALSE,FALSE,FALSE,FALSE,,
10.1080/10641963.2018.1445751,FALSE,FALSE,FALSE,FALSE,,
10.1080/10826068.2018.1476883,FALSE,FALSE,FALSE,FALSE,,
10.1080/10837450.2018.1502316,FALSE,FALSE,FALSE,FALSE,,
10.1080/14764172.2016.1256487,FALSE,FALSE,FALSE,FALSE,,
10.1080/14767058.2017.1330879,FALSE,FALSE,FALSE,FALSE,,
10.1080/14767058.2018.1487949,FALSE,FALSE,FALSE,FALSE,,
10.1080/14992027.2018.1512013,FALSE,FALSE,FALSE,FALSE,,
10.1080/15402002.2018.1545650,FALSE,FALSE,FALSE,FALSE,,
10.1080/15569527.2018.1465078,FALSE,FALSE,FALSE,FALSE,,
10.1080/17483107.2018.1463401,FALSE,FALSE,FALSE,FALSE,,
10.1080/20002297.2018.1442089,FALSE,FALSE,FALSE,FALSE,,
10.1080/2162402X.2017.1364827,FALSE,FALSE,FALSE,FALSE,,
10.1080/2162402X.2018.1513440,FALSE,FALSE,FALSE,TRUE,,clinical information for this dataset was downloaded from a supplement in the original publication.12 processed gene expression data and clinical information for the anti-pd-l1 dataset in urothelial carcinoma were downloaded from zenodo (https://zenodo.org/record/546110) and github (https://github.com/hammerlab/multi-omic-urothe lial-anti-pdl1) respectively.
10.1080/23279095.2016.1269009,FALSE,FALSE,FALSE,FALSE,,
10.1080/23279095.2016.1269010,FALSE,FALSE,FALSE,FALSE,,
10.1080/23279095.2018.1480483,FALSE,FALSE,FALSE,FALSE,,
10.1080/23288604.2018.1510287,FALSE,FALSE,FALSE,FALSE,,
10.1080/23294515.2018.1472149,FALSE,FALSE,FALSE,FALSE,,
10.1088/1361-6528/aaac72,FALSE,FALSE,FALSE,FALSE,,
10.1088/1361-6579/aa9828,FALSE,FALSE,FALSE,FALSE,,
10.1088/2050-6120/aab930,FALSE,FALSE,FALSE,FALSE,,
10.1089/acm.2017.0158,FALSE,FALSE,FALSE,FALSE,,
10.1089/AID.2018.0081,FALSE,FALSE,FALSE,FALSE,,
10.1089/cbr.2018.2500,FALSE,FALSE,FALSE,FALSE,,
10.1089/ham.2018.0005,FALSE,FALSE,FALSE,FALSE,,
10.1089/jop.2016.0168,FALSE,FALSE,FALSE,FALSE,,
10.1089/pho.2017.4270,FALSE,FALSE,FALSE,FALSE,,
10.1089/pho.2017.4394,FALSE,FALSE,FALSE,FALSE,,
10.1089/soro.2018.0053,FALSE,FALSE,FALSE,FALSE,,
10.1093/annonc/mdx685,FALSE,FALSE,FALSE,FALSE,,
10.1093/bioinformatics/btx595,FALSE,TRUE,FALSE,TRUE,,availability and implementation: the cgmaptools software is freely available at https://cgmap tools.github.io/.
10.1093/bioinformatics/btx755,FALSE,TRUE,FALSE,FALSE,,
10.1093/cercor/bhw349,FALSE,FALSE,FALSE,FALSE,,
10.1093/cid/ciy089,FALSE,FALSE,TRUE,FALSE,the sequences reported in this article have been deposited in the national center for biotechnology bioproject database (accession number prjna434275).,
10.1093/cz/zox063,FALSE,FALSE,FALSE,FALSE,,
10.1093/dnares/dsx045,TRUE,TRUE,TRUE,FALSE,availability raw sequencing reads are available at ncbi sra (accession number srp076324).;     accession number srp076324  supplementary data supplementary data are available at dnares online.,
10.1093/ehjci/jey166,FALSE,FALSE,FALSE,FALSE,,
10.1093/europace/eux341,FALSE,FALSE,FALSE,FALSE,,
10.1093/femspd/fty070,FALSE,FALSE,FALSE,FALSE,,
10.1093/gigascience/giy095,TRUE,FALSE,TRUE,FALSE,augustus was trained using busco v2.0.1 (long mode lineage tetrapoda odb9) and a multitissue reference transcriptome we previously generated from tadpoles and six adult cane toads [18] (available from gigadb [49] genbank accession prjna383966).;     the most abundant class of repeat elements is of unknown type (1.61 million elements covering 32.28% of the assembly) with dna transposons the most abundant known class of element (817262 repeats;  raw genomic sequencing data (illumina and pacbio) and assembled scaffolds have been deposited in the european nucleotide archive with the study accession prjeb24695 and assembly accession gca 900 303 285. augustus was trained using busco v2.0.1 (long mode lineage tetrapoda odb9) and a multitissue reference transcriptome we previously generated from tadpoles and six adult cane toads [18] (available from gigadb [49] genbank accession prjna383966).;     for researchers who would like to use cane toad proteins in general evolutionary analyses we have also created a “high-quality” dataset of 6580 protein-coding genes with an aed no greater than 0.25 and at least 90% reciprocal coverage of its top qfo blastp hit excluding possible viral and transposon proteins available from the gigascience database.;     all alignments and trees are available in supplementary data via the gigascience database.;     the genome assembly and annotation are also available in the gigascience database and via a webapollo [53] genome browser and an associated search tool [55].;     data further supporting this work are available in the gigascience database [61].    raw data (table 1,
10.1093/her/cyy034,FALSE,FALSE,FALSE,FALSE,,
10.1093/ibd/izy130,FALSE,FALSE,FALSE,FALSE,,
10.1093/inthealth/ihy071,FALSE,FALSE,FALSE,FALSE,,
10.1093/jnci/djy009,FALSE,FALSE,FALSE,FALSE,,
10.1093/jpids/piy019,FALSE,FALSE,FALSE,FALSE,,
10.1093/neuros/nyx619,FALSE,FALSE,FALSE,FALSE,,
10.1093/ntr/ntx141,FALSE,FALSE,FALSE,FALSE,,
10.1093/ntr/nty045,FALSE,FALSE,FALSE,FALSE,,
10.1093/ntr/nty128,FALSE,FALSE,FALSE,FALSE,,
10.1093/ofid/ofy043,FALSE,FALSE,FALSE,FALSE,,
10.1093/ons/opy132,FALSE,FALSE,FALSE,FALSE,,
10.1093/pch/pxx204,FALSE,FALSE,FALSE,FALSE,,
10.1093/pcp/pcy095,FALSE,FALSE,FALSE,FALSE,,
10.1093/pm/pnx258,FALSE,FALSE,FALSE,FALSE,,
10.1093/ptj/pzx126,FALSE,FALSE,FALSE,FALSE,,
10.1093/pubmed/fdx024,FALSE,FALSE,FALSE,FALSE,,
10.1093/pubmed/fdx184,FALSE,FALSE,FALSE,FALSE,,
10.1093/qjmed/hcy053,FALSE,FALSE,FALSE,FALSE,,
10.1093/rheumatology/key337,FALSE,FALSE,FALSE,FALSE,,
10.1093/rpd/ncy025,FALSE,FALSE,FALSE,FALSE,,
10.1093/tropej/fmy057,FALSE,FALSE,FALSE,FALSE,,
10.1098/rsob.170211,TRUE,FALSE,TRUE,FALSE,the sequence data for the strains in the electronic supplementary material table s2 are deposited at bioproject id prjna407207 at the national center for bioinformatics information (ncbi). dutcher e-mail: dutcher@wustl.edu  electronic supplementary material is available online at https://dx.doi.org/10.6084/m9. figshare.c.4010350.     data accessibility. the sequence data for the strains in the electronic supplementary material table s2 are deposited at bioproject id prjna407207,
10.1098/rspb.2017.2045,TRUE,FALSE,TRUE,FALSE,electronic supplementary material is available online at https://dx.doi.org/10.6084/m9. figshare.c.3965412.;     the data that support the findings of this study are available in dryad with the identifier http://dx.doi.org/10.5061/ dryad.kb015 [39].     data accessibility. the data that support the findings of this study are available in dryad,
10.1098/rspb.2018.0264,TRUE,FALSE,TRUE,FALSE,introduction  electronic supplementary material is available online at https://dx.doi.org/10.6084/m9. figshare.c.4070543.;     data are available from the dryad digital repository: https://doi.org/10.5061/dryad.nj344m5 [63].     data accessibility. data are available from the dryad,
10.1103/PhysRevLett.120.077201,FALSE,FALSE,FALSE,FALSE,,
10.1103/PhysRevLett.120.100501,FALSE,FALSE,FALSE,FALSE,,
10.1103/PhysRevLett.120.138301,FALSE,FALSE,FALSE,FALSE,,
10.1103/PhysRevLett.120.210401,FALSE,FALSE,FALSE,FALSE,,
10.1103/PhysRevLett.120.214101,FALSE,FALSE,FALSE,FALSE,,
10.1103/PhysRevLett.121.037205,FALSE,FALSE,FALSE,FALSE,,
10.1103/PhysRevLett.121.110504,FALSE,FALSE,FALSE,FALSE,,
10.1104/pp.17.01462,TRUE,FALSE,TRUE,FALSE,de meester et al.  type ccr1-6 and ccr1-6 prosnbe:ccr1 lines 1 and 2 (supplemental data set s1).;     6; supplemental data set s1).;     supplemental data set s1.,
10.1107/S2056989018006527,FALSE,FALSE,FALSE,FALSE,,
10.1111/1346-8138.14140,FALSE,FALSE,FALSE,FALSE,,
10.1111/1467-9566.12749,FALSE,FALSE,FALSE,FALSE,,
10.1111/1750-3841.14375,FALSE,FALSE,FALSE,FALSE,,
10.1111/1759-7714.12535,FALSE,FALSE,FALSE,FALSE,,
10.1111/aas.13104,FALSE,FALSE,FALSE,FALSE,,
10.1111/acel.12691,TRUE,FALSE,TRUE,FALSE,2a data s1).;     data s1 animal survival data.  ª 2017 the authors.,
10.1111/acel.12709,FALSE,FALSE,FALSE,FALSE,,
10.1111/acer.13581,FALSE,FALSE,FALSE,FALSE,,
10.1111/adb.12539,FALSE,FALSE,FALSE,FALSE,,
10.1111/ajag.12479,FALSE,FALSE,FALSE,FALSE,,
10.1111/ajag.12532,FALSE,FALSE,FALSE,FALSE,,
10.1111/ajd.12700,FALSE,FALSE,FALSE,FALSE,,
10.1111/ajd.12807,FALSE,FALSE,FALSE,FALSE,,
10.1111/ajr.12406,FALSE,FALSE,FALSE,FALSE,,
10.1111/ans.13913,FALSE,FALSE,FALSE,FALSE,,
10.1111/aor.13016,FALSE,FALSE,FALSE,FALSE,,
10.1111/aos.13551,FALSE,FALSE,FALSE,FALSE,,
10.1111/apha.12906,FALSE,FALSE,FALSE,FALSE,,
10.1111/ases.12477,FALSE,FALSE,FALSE,FALSE,,
10.1111/biom.12921,FALSE,TRUE,FALSE,TRUE,,the r code for the simulation is available at https://github.com/jeffrey-boat man/transplant simulation.
10.1111/cas.13518,FALSE,FALSE,FALSE,FALSE,,
10.1111/cen.13569,FALSE,FALSE,FALSE,FALSE,,
10.1111/cen.13898,FALSE,FALSE,FALSE,FALSE,,
10.1111/cpf.12461,FALSE,FALSE,FALSE,FALSE,,
10.1111/den.12993,FALSE,FALSE,FALSE,FALSE,,
10.1111/disa.12270,FALSE,FALSE,FALSE,FALSE,,
10.1111/dme.13833,FALSE,FALSE,FALSE,FALSE,,
10.1111/dom.13123,FALSE,FALSE,FALSE,FALSE,,
10.1111/eci.12893,FALSE,FALSE,FALSE,FALSE,,
10.1111/ene.13683,FALSE,FALSE,FALSE,FALSE,,
10.1111/epi.14588,TRUE,FALSE,FALSE,FALSE,,
10.1111/evj.12979,FALSE,FALSE,FALSE,FALSE,,
10.1111/evo.13448,TRUE,FALSE,TRUE,FALSE,data archiving the doi,
10.1111/febs.14442,FALSE,FALSE,FALSE,FALSE,,
10.1111/febs.14510,FALSE,FALSE,FALSE,FALSE,,
10.1111/gbb.12465,FALSE,FALSE,FALSE,FALSE,,
10.1111/gcb.14442,FALSE,FALSE,FALSE,FALSE,,
10.1111/head.13407,FALSE,FALSE,FALSE,FALSE,,
10.1111/hel.12453,FALSE,FALSE,FALSE,FALSE,,
10.1111/his.13398,FALSE,FALSE,FALSE,FALSE,,
10.1111/hiv.12670,FALSE,FALSE,FALSE,FALSE,,
10.1111/ijlh.12896,FALSE,FALSE,FALSE,FALSE,,
10.1111/iju.13481,FALSE,FALSE,FALSE,FALSE,,
10.1111/imj.13962,FALSE,FALSE,FALSE,FALSE,,
10.1111/jam.14036,FALSE,FALSE,FALSE,FALSE,,
10.1111/jcmm.13321,FALSE,FALSE,FALSE,FALSE,,
10.1111/jcmm.13344,FALSE,FALSE,FALSE,FALSE,,
10.1111/jcmm.13854,FALSE,FALSE,FALSE,FALSE,,
10.1111/jdi.12907,FALSE,FALSE,FALSE,FALSE,,
10.1111/jgs.15508,FALSE,FALSE,FALSE,FALSE,,
10.1111/jipb.12766,FALSE,FALSE,FALSE,FALSE,,
10.1111/jocn.14284,FALSE,FALSE,FALSE,FALSE,,
10.1111/jog.13538,FALSE,FALSE,FALSE,FALSE,,
10.1111/jog.13819,FALSE,FALSE,FALSE,FALSE,,
10.1111/joor.12727,FALSE,FALSE,FALSE,FALSE,,
10.1111/jpn.12859,FALSE,FALSE,FALSE,FALSE,,
10.1111/jvh.12819,FALSE,FALSE,FALSE,FALSE,,
10.1111/liv.13669,FALSE,FALSE,FALSE,FALSE,,
10.1111/liv.13965,FALSE,FALSE,FALSE,FALSE,,
10.1111/luts.12149,FALSE,FALSE,FALSE,FALSE,,
10.1111/mec.14972,TRUE,FALSE,TRUE,FALSE,data accessibility dna sequence data and genotypes to assess recombination in the wave family were archived in ncbi sra (prjna493979,
10.1111/mmi.13973,FALSE,FALSE,FALSE,FALSE,,
10.1111/nph.14992,FALSE,FALSE,FALSE,FALSE,,
10.1111/nph.15229,FALSE,FALSE,FALSE,FALSE,,
10.1111/odi.12845,FALSE,FALSE,TRUE,FALSE,mucosa tissue microarrays were constructed in  arecoline which is a component of the areca nut is regarded as the  collaboration with shanghai biochip company ltd (shanghai china)  major contributor to the development of osf (harvey scutt meghji  and included 71 osf samples (primary stage: 33 intermediate or ad-  & canniff 1986; tilakaratne klinikowski peters & warnakulasuriya  vanced stage: 38) and 12 nom samples.,
10.1111/opn.12178,FALSE,FALSE,FALSE,FALSE,,
10.1111/ped.13491,FALSE,FALSE,FALSE,FALSE,,
10.1111/resp.13190,FALSE,FALSE,FALSE,FALSE,,
10.1111/tbed.12988,TRUE,FALSE,TRUE,FALSE,different letters in superscript mean statistically significant differences (p < 0.05) among different sample types tested.  obtained throughout this study are available at the genbank (accession numbers mh579736–mh579747 for complete sequences of the retrospective  study  mh751283-mh751287  and  mh751293-  mh751296 for partial sequences of the longitudinal study and different tissue types and animals longitudinally sampled.,
10.1111/tbj.12839,FALSE,FALSE,FALSE,FALSE,,
10.1111/tbj.13083,FALSE,FALSE,FALSE,FALSE,,
10.1111/vru.12686,FALSE,FALSE,FALSE,FALSE,,
10.1111/vsu.12791,FALSE,FALSE,FALSE,FALSE,,
10.1111/zph.12430,TRUE,FALSE,FALSE,FALSE,,
10.1113/JP276338,FALSE,FALSE,FALSE,FALSE,,
10.11152/mu-1025,FALSE,FALSE,FALSE,FALSE,,
10.1117/1.JBO.23.5.057001,FALSE,FALSE,FALSE,FALSE,,
10.1121/1.5079569,FALSE,FALSE,FALSE,FALSE,,
10.1124/jpet.118.252494,FALSE,FALSE,FALSE,FALSE,,
10.1126/sciadv.1700324,FALSE,FALSE,FALSE,FALSE,,
10.1128/AAC.02169-17,FALSE,FALSE,FALSE,FALSE,,
10.1128/AEM.01728-18,FALSE,FALSE,TRUE,FALSE,dna sequences relevant for the cloning of the various opufa-opufb gene clusters were retrieved from the deposited genome sequences of b. infantis (bgsc 29a3) and b. panaciterrae (dsm 19096) which are available under accession numbers 1367477 and 1121093 respectively.,
10.1128/JB.00665-17,FALSE,FALSE,FALSE,FALSE,,
10.1128/JCM.00258-18,FALSE,FALSE,FALSE,FALSE,,
10.1128/JCM.00399-18,FALSE,FALSE,TRUE,FALSE,file 1 xls,
10.1128/JVI.01568-17,FALSE,FALSE,FALSE,FALSE,,
10.1136/annrheumdis-2018-213970,TRUE,FALSE,TRUE,FALSE,data sharing statement the microarray data for methylation have been submitted to the geo database with accession number gse111942.   in total 1046 differentially methylated positions (dmps) (|δβ|>0.05 and detection p<0.05) including 574 hypermethylated and 472 hypomethylated dmps (online supplementary data s1 online supplementary figure s2) were identified which correctly separated most of ra cases and controls in the clustering analysis (online supplementary figure s3).   data sharing statement the microarray data for methylation have been submitted to the geo database with accession number gse111942,
10.1136/bcr-2017-223084,FALSE,FALSE,FALSE,FALSE,,
10.1136/bcr-2017-223198,FALSE,FALSE,FALSE,FALSE,,
10.1136/bcr-2018-224373,FALSE,FALSE,FALSE,FALSE,,
10.1136/bcr-2018-225118,FALSE,FALSE,FALSE,FALSE,,
10.1136/bcr-2018-226024,FALSE,FALSE,FALSE,FALSE,,
10.1136/bjophthalmol-2017-310956,FALSE,FALSE,FALSE,FALSE,,
10.1136/bjophthalmol-2017-311291,FALSE,FALSE,FALSE,FALSE,,
10.1136/bjophthalmol-2018-312063,FALSE,FALSE,FALSE,FALSE,,
10.1136/bjsports-2018-k1662rep,FALSE,FALSE,FALSE,FALSE,,
10.1136/bmj.k1551,FALSE,FALSE,FALSE,FALSE,,
10.1136/bmj.k2784,FALSE,FALSE,FALSE,FALSE,,
10.1136/bmjopen-2017-018252,FALSE,FALSE,FALSE,FALSE,,
10.1136/bmjopen-2017-018533,FALSE,FALSE,FALSE,FALSE,,
10.1136/bmjopen-2017-019608,FALSE,FALSE,FALSE,FALSE,,
10.1136/gutjnl-2016-312223,FALSE,FALSE,FALSE,FALSE,,
10.1136/gutjnl-2016-312940,FALSE,FALSE,FALSE,FALSE,,
10.1136/neurintsurg-2018-014127,FALSE,FALSE,FALSE,FALSE,,
10.1136/thoraxjnl-2017-211124,FALSE,FALSE,FALSE,FALSE,,
10.1139/gen-2017-0117,TRUE,FALSE,TRUE,FALSE,results and discussion similarity searches of genomic datasets we identiﬁed 3291 putative 2-oxoglutarate-dependent dioxygenases superfamily genes within the 40 plant genomes surveyed (dataset s11).;     phylogenetic analyses and fnsi identiﬁcation orthomcl identiﬁed 141 putative fnsi and f3h genes (dataset s21).;     the results of bi and ml analyses of these data are presented in fig. 2 (the corresponding alignment ﬁle is presented in dataset s31).,
10.1146/annurev-animal-022516-022914,FALSE,FALSE,FALSE,FALSE,,
10.1152/ajpendo.00426.2017,FALSE,FALSE,FALSE,FALSE,,
10.1152/ajpregu.00315.2016,TRUE,FALSE,FALSE,FALSE,,
10.1152/ajprenal.00207.2017,FALSE,FALSE,FALSE,FALSE,,
10.1152/japplphysiol.01066.2016,FALSE,FALSE,FALSE,FALSE,,
10.1152/jn.00808.2017,TRUE,TRUE,FALSE,TRUE,,code is available on github and distributed under a gpl3 license address: https://github.com/tommyblanchard/ stanneuronmodelling.
10.1155/2018/1369164,FALSE,FALSE,FALSE,FALSE,,
10.1155/2018/4298583,FALSE,FALSE,FALSE,FALSE,,
10.1155/2018/5272935,FALSE,FALSE,FALSE,FALSE,,
10.1155/2018/5421023,FALSE,FALSE,FALSE,FALSE,,
10.1155/2018/5971786,FALSE,FALSE,FALSE,FALSE,,
10.1155/2018/6125215,FALSE,FALSE,FALSE,FALSE,,
10.1155/2018/6363787,FALSE,FALSE,FALSE,FALSE,,
10.1155/2018/6470957,FALSE,FALSE,FALSE,FALSE,,
10.1155/2018/7058461,FALSE,FALSE,FALSE,FALSE,,
10.1155/2018/7437031,FALSE,FALSE,FALSE,FALSE,,
10.1155/2018/7863520,FALSE,FALSE,FALSE,FALSE,,
10.1155/2018/7964238,FALSE,FALSE,FALSE,FALSE,,
10.1155/2018/9026357,FALSE,FALSE,FALSE,FALSE,,
10.1158/0008-5472.CAN-17-2153,FALSE,FALSE,FALSE,FALSE,,
10.1158/1078-0432.CCR-18-0103,FALSE,FALSE,FALSE,FALSE,,
10.1159/000485425,FALSE,FALSE,FALSE,FALSE,,
10.1159/000488002,FALSE,FALSE,FALSE,FALSE,,
10.1159/000489388,FALSE,FALSE,FALSE,FALSE,,
10.1159/000490871,FALSE,FALSE,FALSE,FALSE,,
10.1159/000492519,FALSE,FALSE,FALSE,FALSE,,
10.1161/CIRCHEARTFAILURE.117.004634,FALSE,FALSE,FALSE,FALSE,,
10.1161/CIRCRESAHA.117.312494,FALSE,FALSE,FALSE,FALSE,,
10.1161/CIRCRESAHA.118.312680,FALSE,FALSE,FALSE,FALSE,,
10.1161/CIRCRESAHA.118.313005,FALSE,FALSE,FALSE,FALSE,,
10.1161/JAHA.118.008771,FALSE,FALSE,FALSE,FALSE,,
10.1161/STROKEAHA.118.023079,FALSE,FALSE,FALSE,FALSE,,
10.1167/iovs.18-25389,FALSE,FALSE,FALSE,FALSE,,
10.1172/jci.insight.97228,FALSE,FALSE,FALSE,FALSE,,
10.1177/0007650316629129,FALSE,FALSE,FALSE,FALSE,,
10.1177/0022034517735297,FALSE,FALSE,FALSE,FALSE,,
10.1177/0030222817727632,FALSE,FALSE,FALSE,FALSE,,
10.1177/0145445518758595,FALSE,FALSE,FALSE,FALSE,,
10.1177/0194599818815881,FALSE,FALSE,FALSE,FALSE,,
10.1177/0269881118806299,FALSE,FALSE,FALSE,FALSE,,
10.1177/0333102418806861,FALSE,FALSE,FALSE,FALSE,,
10.1177/0898010117691167,FALSE,FALSE,FALSE,FALSE,,
10.1177/0898264318789579,FALSE,FALSE,FALSE,FALSE,,
10.1177/0956797617733830,TRUE,FALSE,TRUE,FALSE,supplemental material additional supporting information may be found at http:// journals.sagepub.com/doi/suppl/10.1177/0956797617733830  open practices  all data have been made publicly available via the open science framework and can be accessed at https://osf.io/ wgfnm/.,
10.1177/0956797618760784,TRUE,FALSE,TRUE,FALSE,all data are available publicly at the open science framework (https:// osf.io/ebhku/).;     supplemental material additional supporting information can be found at http:// journals.sagepub.com/doi/suppl/10.1177/0956797618760784  open practices  all data have been made publicly available via the open science framework and can be accessed at https://osf.io/ ebhku/.,
10.1177/1010428318791882,FALSE,FALSE,FALSE,FALSE,,
10.1177/1049732317750563,FALSE,FALSE,FALSE,FALSE,,
10.1177/1076029618800830,FALSE,FALSE,FALSE,FALSE,,
10.1177/1077801217717355,FALSE,FALSE,FALSE,FALSE,,
10.1177/1087054716643389,FALSE,FALSE,FALSE,FALSE,,
10.1177/1362361318757563,FALSE,FALSE,FALSE,FALSE,,
10.1177/1362361318791545,FALSE,FALSE,FALSE,FALSE,,
10.1177/1534735418807970,FALSE,FALSE,FALSE,FALSE,,
10.1177/1550059418814987,FALSE,FALSE,FALSE,FALSE,,
10.1177/1751143718765412,FALSE,FALSE,FALSE,FALSE,,
10.1177/1757177418802353,FALSE,FALSE,FALSE,FALSE,,
10.1177/2055102918819260,FALSE,FALSE,FALSE,FALSE,,
10.1177/2150135117742650,FALSE,FALSE,FALSE,FALSE,,
10.1182/blood-2018-01-821629,FALSE,FALSE,FALSE,FALSE,,
10.1186/s12859-018-2016-6,TRUE,FALSE,FALSE,FALSE,,
10.1186/s12859-018-2405-x,TRUE,TRUE,TRUE,TRUE,axolotl data: available in the gene expression omnibus (accession number gse78034 file “gse78034_polya_plus_ expectcounts_all_samples.txt.gz”).  availability of data and materials the trendy package is available on bioconductor at https://bioconductor.org/ packages/release/bioc/html/trendy.html and on github at https://github. com/rhondabacher/trendy.   additional file 3: enrichment results of axolotl rna-seq data. (xlsx,availability of data and materials the trendy package is available on bioconductor at https://bioconductor.org/ packages/release/bioc/html/trendy.html and on github at https://github. com/rhondabacher/trendy.
10.1186/s12862-018-1247-5,TRUE,FALSE,TRUE,FALSE,phylogenetic analysis  the alignment comprised sequences of trachymyrmex holmgreni from the five populations one sample of trachymyrmex iheringi from araranguá santa catarina state and one sample of trachymyrmex ulrichi from laguna santa catarina state (all sequences were deposited in genbank: mh747644-mh747652).      availability of data and materials the genbank accession numbers of the sequences are mh747644,
10.1186/s12863-018-0669-9,TRUE,FALSE,TRUE,FALSE,additional file 1: table s1. numbers groups and names of the am126 lines. (xlsx,
10.1186/s12877-018-0814-3,FALSE,FALSE,FALSE,FALSE,,
10.1186/s12877-018-0959-0,FALSE,FALSE,FALSE,FALSE,,
10.1186/s12879-018-3185-7,FALSE,FALSE,FALSE,FALSE,,
10.1186/s12879-018-3336-x,FALSE,FALSE,FALSE,FALSE,,
10.1186/s12885-017-3948-3,FALSE,FALSE,FALSE,FALSE,,
10.1186/s12886-018-0766-6,FALSE,FALSE,FALSE,FALSE,,
10.1186/s12887-018-1145-4,FALSE,FALSE,FALSE,FALSE,,
10.1186/s12889-018-5080-y,FALSE,FALSE,FALSE,FALSE,,
10.1186/s12889-018-5450-5,FALSE,FALSE,FALSE,FALSE,,
10.1186/s12889-018-5636-x,FALSE,FALSE,FALSE,FALSE,,
10.1186/s12890-018-0703-8,FALSE,FALSE,FALSE,FALSE,,
10.1186/s12894-018-0357-0,FALSE,FALSE,FALSE,FALSE,,
10.1186/s12896-018-0470-x,FALSE,FALSE,FALSE,FALSE,,
10.1186/s12902-017-0228-9,FALSE,FALSE,FALSE,FALSE,,
10.1186/s12905-017-0493-9,FALSE,FALSE,FALSE,FALSE,,
10.1186/s12906-018-2192-y,TRUE,FALSE,TRUE,FALSE,additional file 1: assay data from root extract of w. somnifera. (xlsx,
10.1186/s12906-018-2239-0,FALSE,FALSE,FALSE,FALSE,,
10.1186/s12909-018-1231-1,FALSE,FALSE,FALSE,FALSE,,
10.1186/s12913-018-2942-z,FALSE,FALSE,FALSE,FALSE,,
10.1186/s12917-018-1412-5,FALSE,FALSE,FALSE,FALSE,,
10.1186/s12917-018-1426-z,FALSE,FALSE,FALSE,FALSE,,
10.1186/s12919-018-0119-8,FALSE,FALSE,FALSE,FALSE,,
10.1186/s12920-017-0318-6,TRUE,FALSE,TRUE,FALSE,xlsx 38 kb) additional file 2,
10.1186/s12920-018-0373-7,FALSE,FALSE,TRUE,TRUE,additional file 1: list of top-ranked pathways associated with type 1 diabetes. (xlsx,the software used (gedi) is available at https://github.com/bhsai/gedi.
10.1186/s12935-018-0645-5,FALSE,TRUE,FALSE,FALSE,,
10.1186/s12942-018-0156-6,FALSE,FALSE,FALSE,FALSE,,
10.1186/s12944-018-0787-4,FALSE,FALSE,FALSE,FALSE,,
10.1186/s12944-018-0867-5,FALSE,FALSE,FALSE,FALSE,,
10.1186/s12944-018-0919-x,FALSE,FALSE,FALSE,FALSE,,
10.1186/s12950-018-0179-6,FALSE,FALSE,FALSE,FALSE,,
10.1186/s12957-018-1381-y,FALSE,FALSE,FALSE,FALSE,,
10.1186/s12963-018-0165-5,FALSE,FALSE,FALSE,FALSE,,
10.1186/s12967-018-1567-7,FALSE,FALSE,FALSE,FALSE,,
10.1186/s12978-018-0452-4,FALSE,FALSE,FALSE,FALSE,,
10.1186/s12978-018-0551-2,TRUE,FALSE,TRUE,FALSE,availability of data and materials the dataset supporting the conclusions of this article is available in the harvard dataverse [harvard dataverse > bill and melinda gates foundation dataverse > ananya dataverse > ananya; https://dataverse.harvard.edu/ dataset.xhtml?     availability of data and materials the dataset supporting the conclusions of this article is available in the harvard dataverse,
10.1186/s12978-018-0648-7,FALSE,FALSE,FALSE,FALSE,,
10.1186/s12979-017-0113-4,FALSE,FALSE,FALSE,FALSE,,
10.1186/s12992-018-0422-1,FALSE,FALSE,FALSE,FALSE,,
10.1186/s13024-018-0238-8,FALSE,FALSE,FALSE,FALSE,,
10.1186/s13027-018-0175-8,FALSE,FALSE,FALSE,FALSE,,
10.1186/s13027-018-0206-5,FALSE,FALSE,FALSE,FALSE,,
10.1186/s13039-017-0349-x,FALSE,FALSE,FALSE,FALSE,,
10.1186/s13041-018-0400-9,FALSE,FALSE,FALSE,FALSE,,
10.1186/s13047-018-0288-8,FALSE,FALSE,FALSE,FALSE,,
10.1186/s13054-018-2272-x,FALSE,FALSE,FALSE,FALSE,,
10.1186/s13063-018-2925-8,FALSE,FALSE,FALSE,FALSE,,
10.1186/s13071-017-2608-4,TRUE,FALSE,TRUE,FALSE,xlsx 13 kb) additional file 2,
10.1186/s13071-018-2823-7,FALSE,FALSE,FALSE,FALSE,,
10.1186/s13073-018-0521-x,TRUE,FALSE,FALSE,TRUE,,all r script used for these analyses is contained within additional file 3: figure s3 and is released as a cc-by open resource (cc-by-sa 3.0).
10.1186/s13075-018-1764-z,FALSE,FALSE,FALSE,FALSE,,
10.1186/s13104-018-3316-7,FALSE,FALSE,FALSE,FALSE,,
10.1186/s13550-018-0401-9,FALSE,FALSE,FALSE,FALSE,,
10.1186/s40001-018-0311-3,FALSE,FALSE,FALSE,FALSE,,
10.1186/s40425-018-0386-y,FALSE,FALSE,FALSE,FALSE,,
10.1186/s41118-018-0032-z,FALSE,FALSE,FALSE,FALSE,,
10.1208/s12249-018-1170-5,FALSE,FALSE,FALSE,FALSE,,
10.1210/en.2018-00123,FALSE,FALSE,FALSE,FALSE,,
10.1210/jc.2018-01808,FALSE,FALSE,FALSE,FALSE,,
10.1212/WNL.0000000000006390,FALSE,FALSE,FALSE,FALSE,,
10.1242/jeb.171553,FALSE,FALSE,FALSE,FALSE,,
10.1242/jeb.175802,FALSE,FALSE,FALSE,FALSE,,
10.1248/bpb.b18-00185,FALSE,FALSE,FALSE,FALSE,,
10.12688/wellcomeopenres.14859.1,TRUE,FALSE,TRUE,FALSE,data availability peptide sequences generated using nano-lc-ms/ms have been deposited to the proteomexchange consortium via the pride partner repository accession number pxd011622.      data availability peptide sequences generated using nano-lc-ms/ms have been deposited to the proteomexchange consortium via the pride partner repository accession number pxd011622. doi,
10.1371/journal.pntd.0006456,TRUE,TRUE,TRUE,TRUE,(pdf) s1 dataset.;     (sav) s2 dataset.;     (sav) s3 dataset.,our sero-prevalence estimates are based on c-elisa but we estimate a 98% (95% ci = 97–100) kappa agreement between the two tests (supplementary r code).
10.1371/journal.pntd.0006913,FALSE,FALSE,FALSE,FALSE,,
10.1371/journal.pone.0190817,TRUE,FALSE,TRUE,FALSE,the raw counts and fastq.gz files are available at ncbi geo accession number gse98027.     s1 table. the number of lenses used in each sample. (xlsx,
10.1371/journal.pone.0191603,FALSE,TRUE,TRUE,FALSE,s2 file. 1000 genomes ids. table (.xlsx data sharing in the post-genomic world: the experience of the international cancer genome consortium (icgc) data access compliance office (daco). plos comput biol. 2012; 8(7):e1002549. https://doi,
10.1371/journal.pone.0191967,FALSE,FALSE,FALSE,FALSE,,
10.1371/journal.pone.0192619,FALSE,FALSE,FALSE,FALSE,,
10.1371/journal.pone.0192624,FALSE,FALSE,FALSE,FALSE,,
10.1371/journal.pone.0194155,TRUE,FALSE,TRUE,FALSE,xls) s2 table,
10.1371/journal.pone.0194248,TRUE,FALSE,TRUE,FALSE,s1 file. data. (xlsx,
10.1371/journal.pone.0196016,FALSE,FALSE,FALSE,FALSE,,
10.1371/journal.pone.0197046,TRUE,FALSE,TRUE,FALSE,additional qrt-pcr gene expression heat map data sets have been deposited to figshare.com public depository at https://figshare.com/s/77c1a50e887c01d3c869 and doi 10.6084/m9.figshare.6203363.     data availability statement: all relevant data are contained within the paper and its supporting information files. additional qrt-pcr gene expression heat map data sets have been deposited to figshare,
10.1371/journal.pone.0197232,TRUE,FALSE,TRUE,FALSE,in pet-tdm.mpei the 3’-end of the first copy is directly connected to the 5’-end of the second copy of the m.mpei gene (s1 dataset) whereas in pb-tdm.;     sssi a short sequence encoding the lec tripeptide separates the two m.sssi gene copies (s2 dataset).;     the amino acid sequences of the permuted mtases are shown in s1 and s2 datasets.;     m generuler 1 kb dna ladder. https://doi.org/10.1371/journal.pone.0197232.g006  plos one | https://doi.org/10.1371/journal.pone.0197232 may 10 2018  11 / 23   circularly permuted dna methyltransferases  between the native n- and c-termini of cp62m.mpei and cp58m.sssi (s1 and s2 datasets).;     the plasmids express in arabinose-inducible fashion the fragments specified by the numbers in square brackets (tables 3 and s2 figs 8 s3 and s4 datasets).;     we constructed the compatible plasmids pb-mpe[1– 61] and pob-mpe[62–395] expressing the indicated fragments from the e. coli arabad promoter (tables 3 and s2 fig 8 and s3 dataset).;     plasmids pb-mpe[192–61] and pob-mpe[62–279] which produce fragments with an 87 amino acid overlap (fig 8 and s3 dataset) were partially protected against hin6i digestion (s5 fig table 3).;     the fragment pair sss[58–275] + sss[243–57] having a 32 amino acid overlap (fig 8 and s4 dataset) had very weak complementation ability (s6 fig table 3).;     the other 18 enzymes are putative c5-mtases (s5 dataset) identified only by the presence of the characteristic sequence motifs.;     the amino acid sequence alignments show that all natural circularly permuted c5-mtases found previously or in the present search are permuted in the variable region (s5 dataset).;     eco31ic m.esp3i [13] the majority of natural circularly permuted c5-mtases appear to have the type h arrangement (s5 dataset).;     in all natural circularly permuted c5-mtases the permutation site falls in the variable region (s5 dataset).;     (docx) s1 dataset.;     (docx) s2 dataset.;     (docx) s3 dataset.;     (docx) s4 dataset.;     (docx) s5 dataset.   data availability statement: all relevant data are within the paper and its supporting information files. funding: this work was supported by the nn109787,
10.1371/journal.pone.0197782,TRUE,FALSE,TRUE,FALSE,data availability statement: all sequence files are available from the genbank database (accession numbers: 388112 79923 #ng_004093.3 # nm_001355281.1 79923 nm_001355281.1 nc_000012.12 ab093576.1 404635 # ng_006522.3).;     the 22 bp sequence has not been reported in nanogp8 mrna (genbank accession: nm_001355281.1) nor nanogp8 genomic dna (genbank accession: nc_000012.12) and thus can be considered an insertion.;     although the 22 bp insert is reported in the coding sequence region (cds) of nanog (genbank accession: ab093576.1) and the second intron (4097–4118) as well as the fourth exon (6809–6909) of nanogp1 (genbank accession: 404635) the pcr fragments cannot belong to these genes as primer set iv is nanogp8 specific.      data availability statement: all sequence files are available from the genbank database (accession numbers: 388112 79923 #ng_004093,
10.1371/journal.pone.0198833,FALSE,FALSE,FALSE,FALSE,,
10.1371/journal.pone.0199073,FALSE,FALSE,FALSE,FALSE,,
10.1371/journal.pone.0199880,TRUE,FALSE,TRUE,FALSE,(docx) s1 dataset.,
10.1371/journal.pone.0201301,FALSE,FALSE,FALSE,FALSE,,
10.1371/journal.pone.0201313,TRUE,FALSE,TRUE,FALSE,data availability statement: the datasets used and analyzed during the current study are available at: https://doi.org/10.5281/zenodo.1226896.     data availability statement: the datasets used and analyzed during the current study are available at: https://doi,
10.1371/journal.pone.0202585,FALSE,FALSE,FALSE,FALSE,,
10.1371/journal.pone.0204107,TRUE,FALSE,TRUE,FALSE,supporting information s1 dataset.,
10.1371/journal.pone.0204244,FALSE,FALSE,FALSE,FALSE,,
10.1371/journal.pone.0204688,FALSE,FALSE,FALSE,FALSE,,
10.1371/journal.pone.0206539,FALSE,FALSE,TRUE,FALSE,data availability statement: all relevant data are within the paper and its supporting information files. funding: this work was supported by national health and medical research council senior research fellowship (1042298,
10.1371/journal.pone.0206566,FALSE,FALSE,FALSE,FALSE,,
10.1371/journal.pone.0207443,TRUE,FALSE,TRUE,FALSE,the raw data of 16s rrna gene pyrosequencing are available in the ncbi database through the accession numbers: srs1039791 srs1041250 srs1041371 srs1041375 srs1041380 srs1042413 srs1042424 srs1042592 and srs1042914.,
10.1371/journal.pone.0208202,TRUE,FALSE,TRUE,FALSE,data availability statement: the source gps data used in the study has been uploaded to author d. walker’s institution repository. a minted doi,
10.1371/journal.pone.0209359,FALSE,FALSE,FALSE,FALSE,,
10.1371/journal.pone.0209934,FALSE,FALSE,FALSE,FALSE,,
10.14814/phy2.13680,TRUE,FALSE,FALSE,FALSE,,
10.1507/endocrj.EJ18-0363,FALSE,FALSE,FALSE,FALSE,,
10.15252/embj.201798518,TRUE,FALSE,TRUE,FALSE,data availability  cell rep 3: 701 – 708 curtsinger jm lins dc mescher mf (1998) cd8(+) memory t cells (cd44  the data rnaseq data are deposited in the geo database (gse90522).  (high) ly-6c(+)) are more sensitive than naive cells (cd44(low) ly-6c (-)) to tcr/cd8 signaling in response to antigen.      data availability  cell rep 3: 701 – 708 curtsinger jm lins dc mescher mf (1998) cd8(+) memory t cells (cd44  the data rnaseq data are deposited in the geo database (gse90522,
10.15252/emmm.201707502,FALSE,FALSE,FALSE,FALSE,,
10.1534/g3.117.300300,FALSE,FALSE,FALSE,FALSE,,
10.1536/ihj.16-372,FALSE,FALSE,FALSE,FALSE,,
10.1542/peds.2017-1110,FALSE,FALSE,FALSE,FALSE,,
10.1542/peds.2017-2918,FALSE,FALSE,FALSE,FALSE,,
10.1542/peds.2017-4164,FALSE,FALSE,FALSE,FALSE,,
10.1589/jpts.30.764,FALSE,FALSE,FALSE,FALSE,,
10.1590/0001-3765201820180098,FALSE,FALSE,FALSE,FALSE,,
10.1590/0004-282X20170193,FALSE,FALSE,FALSE,FALSE,,
10.1590/0103-6440201801922,FALSE,FALSE,FALSE,FALSE,,
10.1590/1413-785220182601173883,FALSE,FALSE,FALSE,FALSE,,
10.1590/2175-8239-JBN-3838,FALSE,FALSE,FALSE,FALSE,,
10.1590/S1677-5538.IBJU.2017.0520,FALSE,FALSE,FALSE,FALSE,,
10.1590/S1677-5538.IBJU.2018.0033,FALSE,FALSE,FALSE,FALSE,,
10.18632/oncotarget.24488,FALSE,FALSE,FALSE,FALSE,,
10.18632/oncotarget.25808,FALSE,FALSE,FALSE,FALSE,,
10.18999/nagjms.80.3.379,FALSE,FALSE,FALSE,FALSE,,
10.19082/6462,FALSE,FALSE,FALSE,FALSE,,
10.20344/amp.8976,FALSE,FALSE,FALSE,FALSE,,
10.21037/atm.2018.10.15,FALSE,FALSE,FALSE,FALSE,,
10.21037/jtd.2018.10.115,FALSE,FALSE,FALSE,FALSE,,
10.21037/jtd.2018.11.81,FALSE,FALSE,FALSE,FALSE,,
10.2105/AJPH.2018.304787,FALSE,FALSE,FALSE,FALSE,,
10.21307/pjm-2018-026,TRUE,FALSE,TRUE,FALSE,the nucleotide sequences of cell envelope-associated proteinase genes found in this study were deposited in the genbank database with the accession numbers: kt285174 kt285175 kt285176 kt285177 kt285180 and kt285181.,
10.2147/CIA.S179355,FALSE,FALSE,FALSE,FALSE,,
10.2147/CMAR.S187169,FALSE,FALSE,FALSE,FALSE,,
10.2169/internalmedicine.9655-17,FALSE,FALSE,FALSE,FALSE,,
10.2175/106143017X15131012188321,FALSE,FALSE,FALSE,FALSE,,
10.21873/anticanres.12828,FALSE,FALSE,FALSE,FALSE,,
10.21873/anticanres.12916,FALSE,FALSE,FALSE,FALSE,,
10.2196/11354,FALSE,FALSE,FALSE,FALSE,,
10.22037/uj.v0i0.3310,FALSE,FALSE,FALSE,FALSE,,
10.2217/fmb-2017-0145,FALSE,FALSE,FALSE,FALSE,,
10.2217/pgs-2018-0050,TRUE,FALSE,FALSE,FALSE,,
10.2217/rme-2018-0102,FALSE,FALSE,FALSE,FALSE,,
10.2337/db17-0506,FALSE,FALSE,FALSE,FALSE,,
10.24425/122596,FALSE,FALSE,FALSE,FALSE,,
10.2463/mrms.tn.2017-0115,FALSE,FALSE,FALSE,FALSE,,
10.2967/jnumed.117.195628,FALSE,FALSE,FALSE,FALSE,,
10.30773/pi.2018.06.07,FALSE,FALSE,FALSE,FALSE,,
10.31486/toj.17.0099,FALSE,FALSE,FALSE,FALSE,,
10.3168/jds.2017-13120,FALSE,FALSE,TRUE,FALSE,raw data were transmitted to a computer as csv,
10.3168/jds.2018-14552,FALSE,FALSE,FALSE,FALSE,,
10.3389/fchem.2018.00445,FALSE,FALSE,FALSE,FALSE,,
10.3389/fcimb.2018.00165,FALSE,FALSE,FALSE,FALSE,,
10.3389/fgene.2018.00324,FALSE,FALSE,FALSE,FALSE,,
10.3389/fimmu.2018.01415,FALSE,FALSE,FALSE,FALSE,,
10.3389/fimmu.2018.02595,FALSE,FALSE,FALSE,FALSE,,
10.3389/fmicb.2018.01066,FALSE,FALSE,FALSE,FALSE,,
10.3389/fmicb.2018.01342,TRUE,FALSE,TRUE,FALSE,all gene sequencing data were submitted to the european nucleotide archive(ena)with the accession numbers erp107787.,
10.3389/fmicb.2018.01684,FALSE,FALSE,FALSE,FALSE,,
10.3389/fmicb.2018.02945,TRUE,FALSE,TRUE,TRUE,accession number the raw metagenome and metatranscriptome sequences are available on the ncbi database with the accession number srp1327634 .,read filtering and assembly statistics are reported in 1 2  3  https://github.com/biocore/sortmerna https://trinotate.github.io  december 2018 | volume 9 | article 2945   ni et al.
10.3389/fnbot.2018.00006,FALSE,FALSE,FALSE,FALSE,,
10.3389/fncel.2018.00264,FALSE,FALSE,FALSE,FALSE,,
10.3389/fncel.2018.00410,FALSE,FALSE,FALSE,FALSE,,
10.3389/fneur.2018.00248,FALSE,FALSE,FALSE,FALSE,,
10.3389/fneur.2018.01193,FALSE,FALSE,FALSE,FALSE,,
10.3389/fnins.2018.00248,FALSE,FALSE,FALSE,FALSE,,
10.3389/fnins.2018.00370,FALSE,FALSE,FALSE,FALSE,,
10.3389/fnsyn.2018.00009,FALSE,FALSE,FALSE,FALSE,,
10.3389/fonc.2018.00655,FALSE,FALSE,FALSE,FALSE,,
10.3389/fped.2018.00104,FALSE,FALSE,FALSE,FALSE,,
10.3389/fped.2018.00333,FALSE,FALSE,FALSE,FALSE,,
10.3389/fpls.2018.00329,FALSE,FALSE,FALSE,FALSE,,
10.3389/fpls.2018.00479,FALSE,FALSE,FALSE,FALSE,,
10.3389/fpls.2018.01074,FALSE,FALSE,FALSE,FALSE,,
10.3389/fpls.2018.01340,TRUE,FALSE,TRUE,FALSE,accession numbers the nucleotide sequences of candeia reported in this work have been submitted to the genbank under the accession number mh048990 for the eebos and mh048991 for the eeef1.,
10.3389/fpls.2018.01639,FALSE,FALSE,FALSE,FALSE,,
10.3389/fpsyg.2018.00252,FALSE,FALSE,FALSE,FALSE,,
10.3389/fpsyg.2018.01315,FALSE,FALSE,FALSE,FALSE,,
10.3389/fpsyg.2018.01953,FALSE,FALSE,FALSE,FALSE,,
10.3390/antiox7100142,TRUE,FALSE,FALSE,FALSE,,
10.3390/cells7120269,TRUE,FALSE,TRUE,FALSE,the whole genome shotgun of burkholderia species reported in this study have been deposited at ddbj/ena/genbank under samn08567921 (srs-25); samn08567954 (srs-46) and 2.7.;     the mass spectrometry proteomics data have been deposited to the the whole genome shotgun of burkholderia species reported in this study have been deposited proteomexchange consortium via the pride [32] repository with the dataset identifier pxd011367 at ddbj/ena/genbank under biosample: samn08567921 (srs-25); samn08567954 (srs-46) and and 10.6019/pxd011367.;     the mass spectrometry proteomics data have been deposited to the proteomexchange consortium via the pride [32] repository with the dataset identifier pxd011367  3.,
10.3390/children5060072,FALSE,FALSE,FALSE,FALSE,,
10.3390/foods7020015,FALSE,FALSE,FALSE,FALSE,,
10.3390/foods7070113,FALSE,FALSE,FALSE,FALSE,,
10.3390/ijerph15030407,FALSE,FALSE,FALSE,FALSE,,
10.3390/ijerph15030426,FALSE,FALSE,FALSE,FALSE,,
10.3390/ijerph15061194,FALSE,FALSE,FALSE,FALSE,,
10.3390/ijerph15071327,FALSE,FALSE,FALSE,FALSE,,
10.3390/ijerph15122797,FALSE,FALSE,FALSE,FALSE,,
10.3390/ijms19061608,FALSE,FALSE,FALSE,FALSE,,
10.3390/ijms19123884,FALSE,FALSE,FALSE,FALSE,,
10.3390/jcm7100293,FALSE,FALSE,FALSE,FALSE,,
10.3390/ma11040459,FALSE,FALSE,FALSE,FALSE,,
10.3390/ma11040493,FALSE,FALSE,FALSE,FALSE,,
10.3390/ma11050747,FALSE,FALSE,FALSE,FALSE,,
10.3390/ma11071055,FALSE,FALSE,FALSE,FALSE,,
10.3390/ma11101814,FALSE,FALSE,FALSE,FALSE,,
10.3390/medicina54030034,FALSE,FALSE,FALSE,FALSE,,
10.3390/molecules23051070,FALSE,FALSE,FALSE,FALSE,,
10.3390/molecules23102428,FALSE,FALSE,TRUE,FALSE,the experimental details and final atomic parameters for 20 and 24 have been deposited with the cambridge crystallographic data centre as supplementary material (ccdc id: 1849698 and 1849698 respectively).,
10.3390/molecules23102467,FALSE,FALSE,TRUE,FALSE,crystallographic data for the structure of tripordolide a (1) have been deposited in the cambridge crystallographic data centre (deposition numbers: ccdc 1844652).,
10.3390/molecules23102650,FALSE,FALSE,FALSE,FALSE,,
10.3390/nano8020114,FALSE,FALSE,FALSE,FALSE,,
10.3390/nano8080589,FALSE,FALSE,FALSE,FALSE,,
10.3390/nano8100784,FALSE,FALSE,FALSE,FALSE,,
10.3390/nu10040508,FALSE,FALSE,FALSE,FALSE,,
10.3390/nu10050548,FALSE,FALSE,FALSE,FALSE,,
10.3390/nu10070862,FALSE,FALSE,FALSE,FALSE,,
10.3390/nu10070903,FALSE,FALSE,FALSE,FALSE,,
10.3390/nu10081127,FALSE,FALSE,FALSE,FALSE,,
10.3390/nu10091236,FALSE,FALSE,FALSE,FALSE,,
10.3390/s18072048,FALSE,FALSE,FALSE,FALSE,,
10.3390/s18072109,FALSE,FALSE,FALSE,FALSE,,
10.3390/s18072129,FALSE,FALSE,FALSE,FALSE,,
10.3390/s18092749,FALSE,FALSE,FALSE,FALSE,,
10.3390/s18124220,FALSE,FALSE,FALSE,FALSE,,
10.3390/sports6020032,FALSE,FALSE,TRUE,FALSE,table 1) and all data,
10.3390/v10060313,FALSE,FALSE,FALSE,FALSE,,
10.3390/vetsci5020058,FALSE,FALSE,FALSE,FALSE,,
10.3399/bjgpopen18X101607,FALSE,FALSE,FALSE,FALSE,,
10.3758/s13421-017-0759-3,FALSE,FALSE,FALSE,FALSE,,
10.3889/oamjms.2018.132,FALSE,FALSE,FALSE,FALSE,,
10.3892/etm.2018.5810,FALSE,FALSE,FALSE,FALSE,,
10.3904/kjim.2016.165,FALSE,FALSE,FALSE,FALSE,,
10.4049/jimmunol.1700416,TRUE,FALSE,TRUE,FALSE,the sequences presented in this article have been submitted to gene expression omnibus (http://www.ncbi.nlm.nih.gov/geo/) under accession numbers gse106137 and gse106138.;     the gene expression omnibus accession numbers for the chip-seq and rna-seq data reported in this paper are gse106137 and gse106138 and can be found in the gene expression omnibus database (http://www.ncbi.nlm.nih.gov/geo/).,
10.4097/kjae.2018.71.2.141,FALSE,FALSE,FALSE,FALSE,,
10.4102/ajod.v7i0.438,FALSE,FALSE,FALSE,FALSE,,
10.4103/apjon.apjon_32_18,FALSE,FALSE,FALSE,FALSE,,
10.4103/ijpvm.IJPVM_123_17,FALSE,FALSE,FALSE,FALSE,,
10.4103/njms.NJMS_12_18,FALSE,FALSE,FALSE,FALSE,,
10.4103/njms.NJMS_32_16,FALSE,FALSE,FALSE,FALSE,,
10.4103/sajc.sajc_1_18,FALSE,FALSE,FALSE,FALSE,,
10.4149/BLL_2018_015,FALSE,FALSE,FALSE,FALSE,,
10.5005/jp-journals-10028-1240,FALSE,FALSE,FALSE,FALSE,,
10.5009/gnl17357,FALSE,FALSE,FALSE,FALSE,,
10.5213/inj.1836124.062,FALSE,FALSE,FALSE,FALSE,,
10.5230/jgc.2018.18.e35,FALSE,FALSE,FALSE,FALSE,,
10.5713/ajas.18.0302,FALSE,FALSE,FALSE,FALSE,,
10.5761/atcs.oa.18-00046,FALSE,FALSE,FALSE,FALSE,,
10.7150/ijms.25799,FALSE,FALSE,FALSE,FALSE,,
10.7150/ijms.25836,FALSE,FALSE,FALSE,FALSE,,
10.7150/thno.22012,FALSE,FALSE,FALSE,FALSE,,
10.7150/thno.23772,FALSE,FALSE,FALSE,FALSE,,
10.7417/T.2018.2052,FALSE,FALSE,FALSE,FALSE,,
10.7554/eLife.39381,TRUE,TRUE,TRUE,TRUE,the raw sequencing data were deposited in bioproject under accession number prjna393895.;     the raw sequencing data were deposited in gene expression omnibus (geo) under accession number gse100798.;     transparent reporting form  doi: https://doi.org/10.7554/elife.39381.022  data availability generated wgs of parental chickens has been deposited in bioproject under accession number prjna393895 (https://www.ncbi.nlm.nih.gov/bioproject/?;     generated single hybrid embryonic wts data has been deposited in geo under accession number gse100798 (https://www.ncbi.nlm.nih.gov/geo/query/acc.cgi?;     published bulked embryonic wts data are available under accession number gse86592 (https://www.ncbi.nlm.nih.gov/geo/ query/acc.cgi?      data availability generated wgs of parental chickens has been deposited in bioproject under accession number prjna393895,materials and methods key resources table reagent type (species) or resource  designation  source or reference  identifiers  sequence-based reagent  breed-specific primers  (choi et al. 2007)  sequence-based reagent  rt-pcr primers  this paper  commercial assay or kit  dneasy mini kit  qiagen  qiagen:69504  commercial assay or kit  trizol reagent  invitrogen  invtirogen:15596026  commercial assay or kit  superscript iii first-strand synthesis system  invitrogen  invitrogen:18080051  commercial assay or kit  pgem-t easy vector systems  promega  promega:a1360  software algorithm  code used for rna-seq quantification analysis  this paper  additional information see elsewhere in ’materials and methods’ see supplementary file 6  the python code used for rna-seq quantification analysis.
10.7717/peerj.5366,TRUE,FALSE,TRUE,FALSE,data availability the following information was supplied regarding data availability: the raw data are provided in the supplemental file. uehara et al. (2018) peerj doi,
10.7717/peerj.6007,TRUE,FALSE,FALSE,FALSE,,
10.7717/peerj.6036,TRUE,TRUE,TRUE,FALSE,raw data and code.zip  data availability the following information was supplied regarding data availability: gao xin (2018): raw data and code.zip. ﬁgshare. fileset. https://doi,
10.9745/GHSP-D-18-00083,FALSE,FALSE,FALSE,FALSE,,
10.9778/cmajo.20180015,FALSE,FALSE,FALSE,FALSE,,
